id,predicted_sequence
cell_002274e8cd42,T00_B1 T01_B1 T03_B1 T04_B1 T05_B1 T06_B1 T07_B1 T08_B1 T09_B1 T10_B1 T11_B1 T12_B1 T15_B1
cell_00497f9e0be1,T14_B3 T07_B1 T08_B1 T11_B1 T15_B1
cell_00723c1ef245,T03_B1 T07_B1 T09_B1 T11_B1 T12_B1
cell_0080c9b36ef1,T14_B2 T01_B1 T04_B1 T07_B1 T08_B1 T10_B1 T11_B1 T15_B1
cell_009c1fbe007a,T00_B1 T01_B1 T02_B1 T03_B1 T04_B1 T05_B1 T07_B1 T09_B1 T10_B1 T12_B1 T13_B1
cell_0127e54b81fd,T00_B1 T01_B1 T02_B1 T03_B1 T04_B1 T05_B1 T07_B1 T12_B1 T15_B1
cell_0171d559df94,T05_B3 T01_B1 T02_B1 T03_B1 T04_B1 T07_B1 T08_B1 T09_B1 T11_B1 T12_B1 T15_B1
cell_01d16621806f,T01_B1 T04_B1 T07_B1 T08_B1 T14_B1 T15_B1
cell_024e1eb0a963,T00_B1 T01_B1 T02_B1 T03_B1 T04_B1 T05_B1 T06_B1 T07_B1 T08_B1 T09_B1 T10_B1 T11_B1 T12_B1 T15_B1
cell_026d97cc4339,T05_B2 T00_B1 T01_B1 T02_B1 T03_B1 T04_B1 T07_B1 T08_B1 T09_B1 T12_B1 T15_B1
cell_02a9ac742d02,T07_B1 T08_B1 T10_B1 T11_B1 T14_B1 T15_B1
cell_02c13cd8080e,T00_B1 T03_B1 T04_B1 T06_B1 T07_B1 T08_B1 T09_B1 T12_B1 T15_B1
cell_02cc0270db24,T13_B3 T05_B2 T00_B1 T01_B1 T02_B1 T03_B1 T04_B1 T06_B1 T07_B1 T09_B1 T12_B1
cell_032545ac48cb,T14_B3 T00_B1 T01_B1 T02_B1 T04_B1 T06_B1 T07_B1 T08_B1 T10_B1 T11_B1 T15_B1
cell_03c4ec8b45ee,T05_B3 T02_B1 T03_B1 T07_B1 T11_B1 T12_B1 T13_B1
cell_042a04fd99a2,T14_B3 T03_B1 T04_B1 T07_B1 T10_B1 T11_B1 T15_B1
cell_04b834a1cc22,T13_B2 T00_B1 T01_B1 T02_B1 T03_B1 T04_B1 T05_B1 T06_B1 T07_B1 T08_B1 T10_B1 T11_B1 T12_B1 T15_B1
cell_04c34ad8a5fe,T00_B1 T01_B1 T03_B1 T04_B1 T05_B1 T06_B1 T07_B1 T09_B1 T12_B1 T15_B1
cell_059458045985,T14_B2 T00_B1 T01_B1 T03_B1 T04_B1 T07_B1 T08_B1 T10_B1 T12_B1 T15_B1
cell_05d8c250d70a,T06_B2 T12_B2 T00_B1 T01_B1 T02_B1 T03_B1 T04_B1 T05_B1 T07_B1 T11_B1 T15_B1
cell_05ea9f754622,T14_B3 T00_B1 T04_B1 T07_B1 T08_B1 T09_B1 T10_B1 T11_B1 T15_B1
cell_05f0e89f7ded,T06_B2 T13_B2 T00_B1 T01_B1 T02_B1 T03_B1 T04_B1 T05_B1 T07_B1 T09_B1 T10_B1 T12_B1 T15_B1
cell_06561f14fa9f,T13_B3 T00_B1 T01_B1 T03_B1 T04_B1 T05_B1 T06_B1 T07_B1 T09_B1 T10_B1 T12_B1 T15_B1
cell_067d8882d9e4,T00_B1 T01_B1 T02_B1 T03_B1 T04_B1 T05_B1 T06_B1 T07_B1 T08_B1 T09_B1 T10_B1 T12_B1 T13_B1 T14_B1 T15_B1
cell_069da58ef6f2,T01_B1 T03_B1 T04_B1 T07_B1 T12_B1 T13_B1 T15_B1
cell_07118ada2f6f,T12_B3 T13_B2 T00_B1 T01_B1 T02_B1 T03_B1 T04_B1 T05_B1 T07_B1 T09_B1 T10_B1 T15_B1
cell_071d3f7690af,T07_B1 T14_B1 T15_B1
cell_0724a7a86a72,T00_B1 T01_B1 T02_B1 T03_B1 T04_B1 T05_B1 T06_B1 T07_B1 T08_B1 T10_B1 T11_B1 T12_B1 T13_B1 T14_B1 T15_B1
cell_07b9a267a0f7,T12_B3 T00_B1 T01_B1 T03_B1 T04_B1 T05_B1 T06_B1 T07_B1 T15_B1
cell_0812e1c8e14a,T14_B3 T01_B1 T07_B1 T08_B1 T15_B1
cell_08134547fdf8,T12_B3 T13_B2 T00_B1 T01_B1 T02_B1 T03_B1 T04_B1 T05_B1 T06_B1 T07_B1 T08_B1 T09_B1 T10_B1 T11_B1 T15_B1
cell_08471d85fede,T14_B3 T02_B1 T03_B1 T04_B1 T06_B1 T07_B1 T08_B1 T11_B1 T15_B1
cell_08dc83b906cc,T05_B2 T00_B1 T01_B1 T02_B1 T03_B1 T04_B1 T07_B1 T12_B1 T15_B1
cell_09587b5b6866,T00_B1 T01_B1 T03_B1 T04_B1 T05_B1 T07_B1 T09_B1 T10_B1 T12_B1 T13_B1 T15_B1
cell_0a1cbffae2e2,T14_B3 T00_B1 T02_B1 T03_B1 T04_B1 T06_B1 T07_B1 T08_B1 T09_B1 T10_B1 T11_B1 T12_B1 T15_B1
cell_0a345403fa8f,T14_B3 T00_B1 T01_B1 T03_B1 T07_B1 T08_B1 T09_B1 T11_B1 T15_B1
cell_0a5464f19a0c,T00_B1 T01_B1 T02_B1 T03_B1 T04_B1 T07_B1 T10_B1 T11_B1 T12_B1 T15_B1
cell_0a872a432d18,T13_B2 T00_B1 T01_B1 T02_B1 T03_B1 T04_B1 T05_B1 T06_B1 T07_B1 T08_B1 T09_B1 T10_B1 T11_B1 T12_B1 T15_B1
cell_0aa5821529be,T00_B1 T01_B1 T02_B1 T03_B1 T04_B1 T05_B1 T07_B1 T12_B1 T15_B1
cell_0b1efaee6242,T14_B3 T00_B1 T01_B1 T02_B1 T04_B1 T05_B1 T06_B1 T07_B1 T08_B1 T09_B1 T10_B1 T11_B1 T12_B1 T15_B1
cell_0bad9f4f60a5,T00_B1 T01_B1 T03_B1 T04_B1 T06_B1 T07_B1 T08_B1 T10_B1 T11_B1 T12_B1 T13_B1 T15_B1
cell_0c15d025bef5,T14_B3 T00_B1 T01_B1 T07_B1 T09_B1 T10_B1 T15_B1
cell_0c3993180c6d,T00_B1 T01_B1 T04_B1 T06_B1 T07_B1 T08_B1 T13_B1 T14_B1 T15_B1
cell_0cbf2438e23c,T14_B3 T01_B1 T02_B1 T03_B1 T04_B1 T06_B1 T07_B1 T08_B1 T09_B1 T11_B1 T12_B1 T15_B1
cell_0e0b343c8dfd,T13_B3 T00_B1 T01_B1 T02_B1 T03_B1 T07_B1 T09_B1 T12_B1 T15_B1
cell_0e26f08fe5e2,T01_B1 T02_B1 T03_B1 T04_B1 T06_B1 T07_B1 T09_B1 T12_B1
cell_0eb2b8bf37f5,T13_B3 T00_B1 T01_B1 T02_B1 T03_B1 T04_B1 T05_B1 T06_B1 T07_B1 T12_B1 T15_B1
cell_0eb577ac1a49,T13_B2 T00_B1 T01_B1 T02_B1 T03_B1 T05_B1 T06_B1 T07_B1 T09_B1 T10_B1 T11_B1 T12_B1
cell_0f3a1a1188f5,T03_B1 T07_B1 T12_B1
cell_0f9d88388b16,T13_B2 T00_B1 T01_B1 T03_B1 T04_B1 T05_B1 T06_B1 T07_B1 T08_B1 T09_B1 T11_B1 T12_B1 T15_B1
cell_0fd795ebaa5b,T14_B3 T00_B1 T01_B1 T03_B1 T04_B1 T06_B1 T07_B1 T08_B1 T09_B1 T10_B1 T11_B1 T12_B1 T15_B1
cell_10615968cdcc,T00_B1 T01_B1 T02_B1 T03_B1 T04_B1 T05_B1 T06_B1 T07_B1 T08_B1 T09_B1 T12_B1 T15_B1
cell_10c963e7a3ec,T00_B1 T01_B1 T02_B1 T03_B1 T07_B1 T09_B1 T10_B1 T11_B1 T12_B1 T15_B1
cell_10d8e31c9131,T14_B3 T00_B1 T04_B1 T07_B1 T08_B1 T09_B1 T15_B1
cell_10f59e8efe30,T14_B3 T00_B1 T04_B1 T07_B1 T10_B1 T15_B1
cell_1109896d72fb,T06_B3 T12_B2 T00_B1 T01_B1 T09_B1 T11_B1
cell_116535de0a1b,T12_B3 T00_B1 T01_B1 T02_B1 T03_B1 T04_B1 T05_B1 T06_B1 T07_B1 T11_B1 T15_B1
cell_11be759be4cf,T13_B2 T02_B1 T03_B1 T07_B1 T10_B1 T12_B1
cell_1353dc91f3a8,T00_B1 T02_B1 T03_B1 T04_B1 T05_B1 T06_B1 T07_B1 T09_B1 T11_B1 T12_B1 T15_B1
cell_139c6672e026,T03_B1 T04_B1 T07_B1 T10_B1 T15_B1
cell_13accf22afc2,T05_B3 T00_B1 T01_B1 T03_B1 T04_B1 T06_B1 T07_B1 T10_B1 T11_B1 T12_B1 T13_B1 T15_B1
cell_14063399141d,T06_B2 T00_B1 T01_B1 T03_B1 T04_B1 T07_B1 T08_B1 T09_B1 T11_B1 T12_B1 T15_B1
cell_15047ef78683,T02_B1 T03_B1 T06_B1 T07_B1 T09_B1 T12_B1
cell_16979c5e31eb,T06_B3 T00_B1 T01_B1 T04_B1 T05_B1 T07_B1 T08_B1 T09_B1 T12_B1 T15_B1
cell_16d4127f01c8,T14_B3 T02_B1 T04_B1 T06_B1 T07_B1 T11_B1 T15_B1
cell_16fd563068af,T14_B3 T02_B1 T03_B1 T04_B1 T06_B1 T07_B1 T08_B1 T11_B1 T12_B1 T15_B1
cell_1738113668da,T00_B1 T01_B1 T02_B1 T03_B1 T05_B1 T06_B1 T07_B1 T09_B1 T11_B1 T12_B1 T15_B1
cell_17463c23fbf8,T13_B3 T00_B1 T01_B1 T02_B1 T03_B1 T04_B1 T05_B1 T06_B1 T07_B1 T08_B1 T09_B1 T10_B1 T12_B1 T15_B1
cell_17a885697978,T13_B3 T00_B1 T01_B1 T02_B1 T03_B1 T04_B1 T05_B1 T06_B1 T07_B1 T09_B1 T10_B1 T11_B1 T12_B1 T15_B1
cell_17f66e8e6460,T14_B3 T00_B1 T03_B1 T04_B1 T06_B1 T07_B1 T08_B1 T09_B1 T10_B1 T11_B1 T15_B1
cell_1856a8752864,T01_B1 T02_B1 T03_B1 T04_B1 T05_B1 T06_B1 T07_B1 T08_B1 T12_B1 T15_B1
cell_1885eba8b339,T00_B1 T01_B1 T03_B1 T04_B1 T06_B1 T09_B1 T10_B1 T12_B1 T15_B1
cell_18f59207acc6,T00_B1 T01_B1 T02_B1 T03_B1 T07_B1 T11_B1 T12_B1
cell_192d92f90761,T12_B3 T00_B1 T01_B1 T03_B1 T04_B1 T05_B1 T06_B1 T07_B1 T11_B1 T15_B1
cell_1946514b35d0,T13_B2 T01_B1 T03_B1 T04_B1 T07_B1 T12_B1
cell_19494759c6db,T14_B3 T07_B1 T08_B1 T10_B1 T15_B1
cell_19ddfad7f954,T14_B3 T00_B1 T02_B1 T03_B1 T04_B1 T06_B1 T07_B1 T08_B1 T09_B1 T10_B1 T11_B1 T12_B1 T15_B1
cell_19e4a3f8272f,T13_B3 T00_B1 T01_B1 T02_B1 T03_B1 T04_B1 T05_B1 T06_B1 T07_B1 T09_B1 T10_B1 T12_B1 T15_B1
cell_19ef77262237,T00_B1 T01_B1 T02_B1 T03_B1 T04_B1 T05_B1 T06_B1 T07_B1 T09_B1 T10_B1 T11_B1 T12_B1 T15_B1
cell_1a40eddffb97,T00_B1 T01_B1 T02_B1 T03_B1 T04_B1 T05_B1 T06_B1 T07_B1 T09_B1 T10_B1 T12_B1 T13_B1 T15_B1
cell_1ae579d8e265,T14_B3 T01_B1 T07_B1 T08_B1 T15_B1
cell_1b850b206783,T13_B3 T00_B1 T01_B1 T03_B1 T04_B1 T05_B1 T06_B1 T07_B1 T08_B1 T10_B1 T11_B1 T12_B1 T15_B1
cell_1baffcacc382,T05_B3 T13_B2 T01_B1 T03_B1 T04_B1 T06_B1 T07_B1 T09_B1 T12_B1
cell_1c3ff9266c97,T00_B1 T03_B1 T04_B1 T07_B1 T09_B1 T12_B1
cell_1c7389805541,T00_B1 T01_B1 T02_B1 T03_B1 T04_B1 T05_B1 T07_B1 T08_B1 T09_B1 T12_B1 T15_B1
cell_1cd6f8a15bb6,T00_B1 T02_B1 T07_B1 T08_B1 T14_B1 T15_B1
cell_1d017b12a2d2,T05_B2 T13_B2 T00_B1 T01_B1 T02_B1 T03_B1 T04_B1 T06_B1 T07_B1 T08_B1 T10_B1 T11_B1 T12_B1 T15_B1
cell_1d7bc7aee132,T14_B3 T04_B1 T06_B1 T07_B1 T08_B1 T09_B1 T10_B1 T11_B1 T12_B1 T15_B1
cell_1db21b897589,T14_B1 T15_B1
cell_1dc5a7888825,T14_B3 T00_B1 T01_B1 T03_B1 T04_B1 T06_B1 T07_B1 T08_B1 T09_B1 T10_B1 T11_B1 T12_B1 T15_B1
cell_1de44011de7e,T13_B3 T06_B2 T00_B1 T01_B1 T02_B1 T03_B1 T04_B1 T05_B1 T07_B1 T08_B1 T09_B1 T10_B1 T11_B1 T12_B1 T15_B1
cell_1e9ddfc87302,T00_B1 T01_B1 T02_B1 T03_B1 T04_B1 T05_B1 T06_B1 T07_B1 T08_B1 T09_B1 T10_B1 T11_B1 T12_B1 T13_B1 T15_B1
cell_1f1630f16aa9,T14_B3 T00_B1 T02_B1 T06_B1 T07_B1 T08_B1 T09_B1 T10_B1 T11_B1 T12_B1 T15_B1
cell_1f5591c35c99,T14_B3 T00_B1 T01_B1 T04_B1 T06_B1 T07_B1 T08_B1 T10_B1 T12_B1 T15_B1
cell_1f7acaaaa478,T00_B1 T01_B1 T02_B1 T03_B1 T04_B1 T05_B1 T07_B1 T09_B1 T12_B1 T15_B1
cell_20ce6b242b62,T14_B2 T07_B1 T10_B1 T15_B1
cell_2178d1b451f2,T00_B1 T01_B1 T03_B1 T07_B1 T12_B1 T15_B1
cell_21ce1a1e1054,T14_B2 T00_B1 T02_B1 T04_B1 T06_B1 T07_B1 T08_B1 T09_B1 T10_B1 T11_B1 T12_B1 T15_B1
cell_21ede963121a,T01_B1 T03_B1 T07_B1 T09_B1 T10_B1 T12_B1 T13_B1
cell_224fe3181115,T00_B1 T01_B1 T02_B1 T03_B1 T04_B1 T06_B1 T07_B1 T09_B1 T11_B1 T12_B1
cell_226a454ac6d9,T12_B2 T00_B1 T01_B1 T02_B1 T03_B1 T04_B1 T05_B1 T06_B1 T07_B1 T10_B1 T13_B1 T15_B1
cell_2284d0eed67b,T01_B1 T02_B1 T04_B1 T05_B1 T07_B1 T08_B1 T09_B1 T12_B1 T15_B1
cell_2299db2e6da6,T14_B2 T01_B1 T02_B1 T04_B1 T06_B1 T07_B1 T08_B1 T10_B1 T11_B1 T15_B1
cell_232eb6faf27b,T14_B3 T01_B1 T04_B1 T07_B1 T08_B1 T10_B1 T11_B1 T15_B1
cell_234db93054f0,T00_B1 T01_B1 T03_B1 T04_B1 T07_B1 T08_B1 T12_B1 T15_B1
cell_23cd2bddc537,T03_B1 T09_B1 T11_B1 T12_B1
cell_23e3f65f03ad,T14_B2 T01_B1 T03_B1 T04_B1 T07_B1 T08_B1 T09_B1 T10_B1 T11_B1 T15_B1
cell_2421da2a95ce,T00_B1 T01_B1 T03_B1 T04_B1 T05_B1 T06_B1 T07_B1 T09_B1 T10_B1 T11_B1 T12_B1 T13_B1 T15_B1
cell_249caea6c302,T14_B3 T07_B1 T08_B1 T10_B1 T11_B1 T12_B1 T15_B1
cell_24afd43b42e5,T00_B1 T01_B1 T02_B1 T03_B1 T04_B1 T07_B1 T08_B1 T09_B1 T10_B1 T11_B1 T12_B1 T14_B1 T15_B1
cell_24e9dccadf70,T01_B1 T03_B1 T04_B1 T07_B1 T08_B1 T09_B1 T10_B1 T11_B1 T14_B1 T15_B1
cell_24fc1bc58153,T00_B1 T01_B1 T02_B1 T03_B1 T04_B1 T05_B1 T07_B1 T12_B1 T15_B1
cell_2515cbbcc6b3,T01_B1 T03_B1 T04_B1 T07_B1 T10_B1 T12_B1 T13_B1
cell_2532ca4afb8d,T12_B3 T13_B3 T00_B1 T01_B1 T02_B1 T03_B1 T04_B1 T05_B1 T06_B1 T07_B1 T08_B1 T09_B1 T10_B1 T11_B1 T15_B1
cell_2619f409508f,T00_B1 T02_B1 T03_B1 T06_B1 T07_B1 T08_B1 T09_B1 T10_B1 T11_B1 T12_B1 T14_B1 T15_B1
cell_2621af4f1da2,T01_B1 T03_B1 T07_B1 T09_B1 T10_B1 T15_B1
cell_262f3ab9f629,T12_B3 T00_B1 T01_B1 T02_B1 T03_B1 T04_B1 T05_B1 T06_B1 T07_B1 T08_B1 T11_B1 T15_B1
cell_2644464d3c1d,T13_B3 T01_B1 T02_B1 T03_B1 T04_B1 T05_B1 T07_B1 T09_B1 T10_B1 T12_B1 T15_B1
cell_26fe2cee029d,T12_B3 T13_B3 T01_B1 T02_B1 T03_B1 T05_B1 T06_B1 T07_B1 T11_B1 T15_B1
cell_2802465b13ee,T05_B2 T00_B1 T01_B1 T02_B1 T03_B1 T04_B1 T06_B1 T07_B1 T08_B1 T09_B1 T10_B1 T11_B1 T12_B1 T15_B1
cell_280405860a60,T14_B3 T07_B1 T15_B1
cell_28053a8922db,T01_B1 T02_B1 T03_B1 T04_B1 T05_B1 T06_B1 T07_B1 T10_B1 T11_B1 T12_B1 T13_B1 T15_B1
cell_28a1e4840005,T00_B1 T01_B1 T02_B1 T03_B1 T04_B1 T05_B1 T06_B1 T08_B1 T09_B1 T11_B1 T12_B1 T15_B1
cell_28e6c1c426c3,T06_B2 T13_B2 T00_B1 T01_B1 T02_B1 T03_B1 T04_B1 T05_B1 T07_B1 T10_B1 T11_B1 T12_B1 T15_B1
cell_28f8eecf0a20,T00_B1 T01_B1 T02_B1 T03_B1 T04_B1 T05_B1 T06_B1 T07_B1 T09_B1 T12_B1 T15_B1
cell_29b06b4dcd93,T14_B3 T01_B1 T02_B1 T03_B1 T04_B1 T06_B1 T07_B1 T08_B1 T10_B1 T11_B1 T15_B1
cell_29b26fcdd1f7,T14_B3 T04_B1 T07_B1 T10_B1 T15_B1
cell_29eeaf91305a,T05_B3 T13_B2 T00_B1 T01_B1 T02_B1 T03_B1 T04_B1 T06_B1 T07_B1 T09_B1 T10_B1 T11_B1 T12_B1 T15_B1
cell_29f6e310e135,T05_B3 T13_B2 T00_B1 T01_B1 T03_B1 T04_B1 T06_B1 T07_B1 T08_B1 T10_B1 T11_B1 T12_B1 T15_B1
cell_2a3bda3e59ab,T00_B1 T01_B1 T03_B1 T04_B1 T06_B1 T07_B1 T08_B1 T09_B1 T10_B1 T11_B1 T12_B1 T14_B1 T15_B1
cell_2b9da0ee7473,T13_B2 T00_B1 T01_B1 T02_B1 T03_B1 T04_B1 T05_B1 T07_B1 T08_B1 T09_B1 T10_B1 T11_B1 T12_B1 T15_B1
cell_2c3ad0b09ad8,T14_B3 T00_B1 T03_B1 T04_B1 T07_B1 T08_B1 T09_B1 T10_B1 T12_B1 T15_B1
cell_2cf4c81aabcd,T14_B3 T00_B1 T01_B1 T02_B1 T03_B1 T04_B1 T06_B1 T07_B1 T08_B1 T10_B1 T11_B1 T12_B1 T15_B1
cell_2d28827049fa,T00_B1 T03_B1 T07_B1 T09_B1 T10_B1 T11_B1 T12_B1 T14_B1 T15_B1
cell_2da4c1b81219,T00_B1 T01_B1 T02_B1 T03_B1 T04_B1 T05_B1 T07_B1 T08_B1 T12_B1 T15_B1
cell_2e49138b3c35,T05_B3 T06_B2 T13_B2 T00_B1 T01_B1 T03_B1 T04_B1 T07_B1 T10_B1 T12_B1 T15_B1
cell_2e6058bdc32a,T13_B3 T00_B1 T01_B1 T02_B1 T03_B1 T04_B1 T06_B1 T07_B1 T09_B1 T10_B1 T11_B1 T12_B1 T15_B1
cell_2ea13c99de0d,T02_B1 T04_B1 T06_B1 T07_B1 T08_B1 T09_B1 T12_B1 T14_B1 T15_B1
cell_2eccf89ea00b,T00_B1 T01_B1 T02_B1 T03_B1 T04_B1 T05_B1 T06_B1 T07_B1 T08_B1 T09_B1 T10_B1 T11_B1 T12_B1 T15_B1
cell_2eeb9d67e1dc,T13_B3 T00_B1 T01_B1 T02_B1 T03_B1 T04_B1 T05_B1 T06_B1 T07_B1 T08_B1 T09_B1 T10_B1 T11_B1 T12_B1 T15_B1
cell_2f54d4c33241,T13_B2 T03_B1 T04_B1 T07_B1 T09_B1 T15_B1
cell_2f7aa031d919,T14_B3 T00_B1 T03_B1 T06_B1 T07_B1 T08_B1 T09_B1 T15_B1
cell_2fbe03362a05,T14_B3 T03_B1 T10_B1 T15_B1
cell_303b2cd13693,T14_B3 T00_B1 T02_B1 T04_B1 T06_B1 T07_B1 T08_B1 T09_B1 T10_B1 T11_B1 T12_B1 T15_B1
cell_304a892eba31,T13_B3 T00_B1 T01_B1 T03_B1 T04_B1 T05_B1 T06_B1 T07_B1 T09_B1 T11_B1 T12_B1 T15_B1
cell_3054bbf6dbc8,T05_B2 T00_B1 T01_B1 T02_B1 T03_B1 T04_B1 T06_B1 T07_B1 T08_B1 T09_B1 T11_B1 T12_B1 T15_B1
cell_30a2cdd5d11b,T13_B3 T00_B1 T01_B1 T03_B1 T04_B1 T05_B1 T06_B1 T07_B1 T10_B1 T12_B1 T15_B1
cell_30fd31910d01,T01_B1 T03_B1 T04_B1 T12_B1 T15_B1
cell_313252de2ef1,T00_B1 T01_B1 T02_B1 T03_B1 T04_B1 T05_B1 T06_B1 T07_B1 T08_B1 T09_B1 T10_B1 T11_B1 T12_B1 T15_B1
cell_314b1348abb6,T14_B3 T00_B1 T01_B1 T02_B1 T03_B1 T04_B1 T06_B1 T07_B1 T08_B1 T10_B1 T11_B1 T12_B1 T15_B1
cell_3173f92f0016,T00_B1 T01_B1 T02_B1 T03_B1 T04_B1 T05_B1 T06_B1 T07_B1 T08_B1 T09_B1 T10_B1 T11_B1 T12_B1 T15_B1
cell_3180d70a442c,T13_B3 T00_B1 T01_B1 T02_B1 T03_B1 T04_B1 T07_B1 T09_B1 T10_B1 T12_B1 T15_B1
cell_31a250acba8b,T00_B1 T01_B1 T02_B1 T03_B1 T04_B1 T05_B1 T06_B1 T07_B1 T09_B1 T10_B1 T11_B1 T12_B1 T13_B1 T15_B1
cell_31c2bd0af3f4,T00_B1 T01_B1 T02_B1 T03_B1 T04_B1 T05_B1 T06_B1 T07_B1 T08_B1 T10_B1 T11_B1 T12_B1 T14_B1 T15_B1
cell_31f2d034350d,T07_B1
cell_3238fd3e3ae3,T14_B3 T00_B1 T02_B1 T03_B1 T04_B1 T06_B1 T07_B1 T08_B1 T09_B1 T10_B1 T12_B1 T15_B1
cell_32bcd8d84e33,NONE
cell_32bd62fc56f2,T13_B3 T01_B1 T03_B1 T04_B1 T07_B1 T10_B1 T12_B1
cell_32eb1164630c,T14_B3 T04_B1 T07_B1 T08_B1 T15_B1
cell_337dc3876af8,T12_B3 T05_B2 T13_B2 T00_B1 T01_B1 T02_B1 T03_B1 T04_B1 T06_B1 T07_B1 T09_B1 T10_B1 T11_B1 T15_B1
cell_33fec7fa9558,T13_B3 T00_B1 T01_B1 T02_B1 T03_B1 T04_B1 T07_B1 T08_B1 T09_B1 T10_B1 T12_B1 T15_B1
cell_344f5532021b,T14_B3 T01_B1 T04_B1 T07_B1 T08_B1 T09_B1 T10_B1 T11_B1 T12_B1 T15_B1
cell_34a00c86c798,T00_B1 T01_B1 T04_B1 T12_B1 T15_B1
cell_34c14d00acee,T13_B3 T00_B1 T01_B1 T02_B1 T03_B1 T04_B1 T07_B1 T12_B1
cell_34f938a538e1,T07_B1 T12_B1
cell_3509a62888a0,T13_B2 T00_B1 T01_B1 T03_B1 T04_B1 T06_B1 T07_B1 T09_B1 T10_B1 T11_B1 T12_B1
cell_355031e2b2b4,T00_B1 T01_B1 T03_B1 T07_B1 T08_B1 T15_B1
cell_35ac8c5ff1b3,T12_B2 T00_B1 T01_B1 T02_B1 T03_B1 T04_B1 T05_B1 T06_B1 T07_B1 T15_B1
cell_35fbcfb253bd,T14_B3 T00_B1 T02_B1 T04_B1 T06_B1 T07_B1 T08_B1 T09_B1 T10_B1 T11_B1 T15_B1
cell_3649764f973a,T13_B2 T01_B1 T04_B1 T07_B1 T12_B1
cell_36abf08500d5,T12_B2 T00_B1 T01_B1 T02_B1 T03_B1 T04_B1 T05_B1 T06_B1 T07_B1 T08_B1 T11_B1 T15_B1
cell_37466506f759,T06_B2 T00_B1 T01_B1 T02_B1 T03_B1 T04_B1 T05_B1 T07_B1 T08_B1 T09_B1 T12_B1 T15_B1
cell_3753e0898b45,T00_B1 T07_B1 T14_B1 T15_B1
cell_377fc6cce6e7,T00_B1 T01_B1 T03_B1 T04_B1 T07_B1 T08_B1 T09_B1 T12_B1 T15_B1
cell_37ce078c58a3,T01_B1 T03_B1 T04_B1 T05_B1 T07_B1 T12_B1 T13_B1 T15_B1
cell_3854873edde8,T13_B3 T01_B1 T03_B1 T04_B1 T07_B1 T15_B1
cell_386b878577d8,T00_B1 T01_B1 T03_B1 T04_B1 T05_B1 T06_B1 T07_B1 T08_B1 T10_B1 T11_B1 T12_B1 T13_B1 T15_B1
cell_395c2d78bf07,T07_B1 T08_B1 T14_B1 T15_B1
cell_3976ee504d2f,T01_B1 T02_B1 T03_B1 T05_B1 T06_B1 T07_B1 T08_B1 T09_B1 T12_B1 T15_B1
cell_3992f88d9757,T14_B3 T00_B1 T03_B1 T04_B1 T06_B1 T07_B1 T08_B1 T09_B1 T10_B1 T11_B1 T12_B1 T15_B1
cell_39f5c4088569,T00_B1 T01_B1 T03_B1 T04_B1 T05_B1 T06_B1 T07_B1 T08_B1 T12_B1 T15_B1
cell_3a8480202a3c,T13_B2 T00_B1 T01_B1 T02_B1 T03_B1 T05_B1 T06_B1 T07_B1 T08_B1 T11_B1 T12_B1 T15_B1
cell_3ad8de4bba9a,T12_B2 T00_B1 T01_B1 T03_B1 T04_B1 T07_B1 T08_B1 T09_B1 T11_B1 T15_B1
cell_3b0bf565b597,T14_B3 T02_B1 T04_B1 T07_B1 T08_B1 T12_B1 T15_B1
cell_3b0d535032f4,T05_B3 T00_B1 T01_B1 T03_B1 T04_B1 T07_B1 T09_B1 T12_B1
cell_3b60525fdff7,T12_B3 T00_B1 T01_B1 T02_B1 T03_B1 T04_B1 T05_B1 T06_B1 T07_B1 T08_B1 T09_B1 T11_B1 T15_B1
cell_3bb1b234d0b5,T06_B2 T00_B1 T01_B1 T02_B1 T03_B1 T04_B1 T05_B1 T07_B1 T08_B1 T09_B1 T11_B1 T12_B1 T15_B1
cell_3bdf2b8a1c83,T00_B1 T01_B1 T02_B1 T03_B1 T04_B1 T05_B1 T06_B1 T07_B1 T08_B1 T09_B1 T10_B1 T11_B1 T12_B1 T15_B1
cell_3bec501c2cbd,T05_B3 T13_B2 T01_B1 T03_B1 T04_B1 T07_B1 T09_B1 T10_B1 T12_B1
cell_3c6f94f84d4d,T01_B1 T02_B1 T03_B1 T05_B1 T06_B1 T07_B1 T09_B1 T12_B1 T13_B1 T15_B1
cell_3d22892c0d04,T03_B1 T07_B1 T10_B1 T12_B1 T14_B1 T15_B1
cell_3d868e5bb819,T14_B3 T00_B1 T01_B1 T02_B1 T03_B1 T04_B1 T06_B1 T07_B1 T08_B1 T09_B1 T10_B1 T11_B1 T12_B1 T15_B1
cell_3de80f3ec576,T00_B1 T06_B1 T07_B1 T10_B1 T11_B1 T12_B1 T14_B1 T15_B1
cell_3f2ae07b35c0,T01_B1 T02_B1 T03_B1 T04_B1 T06_B1 T07_B1 T08_B1 T09_B1 T11_B1 T12_B1 T14_B1 T15_B1
cell_3f56e08222c1,T07_B1 T09_B1
cell_4021fbee94b8,T00_B1 T01_B1 T03_B1 T04_B1 T06_B1 T07_B1 T09_B1 T10_B1 T12_B1 T15_B1
cell_4105e158892b,T00_B1 T01_B1 T03_B1 T04_B1 T05_B1 T07_B1 T08_B1 T10_B1 T11_B1 T12_B1 T15_B1
cell_412d97700949,T14_B2 T01_B1 T03_B1 T04_B1 T07_B1 T10_B1 T12_B1 T15_B1
cell_41376b83bc63,T03_B1 T06_B1 T07_B1 T09_B1 T11_B1 T12_B1 T14_B1 T15_B1
cell_41a7776658bc,T14_B3 T00_B1 T01_B1 T02_B1 T03_B1 T04_B1 T06_B1 T07_B1 T08_B1 T09_B1 T10_B1 T11_B1 T12_B1 T15_B1
cell_4266d6c11d62,T00_B1 T04_B1 T12_B1 T15_B1
cell_42fad99d17cc,T13_B3 T00_B1 T01_B1 T03_B1 T04_B1 T05_B1 T06_B1 T07_B1 T11_B1 T12_B1 T15_B1
cell_430c991fffa6,T14_B3 T00_B1 T01_B1 T02_B1 T03_B1 T04_B1 T06_B1 T07_B1 T08_B1 T09_B1 T10_B1 T11_B1 T12_B1 T15_B1
cell_4334db4fbfa4,T05_B3 T02_B1 T03_B1 T04_B1 T06_B1 T07_B1 T09_B1 T11_B1 T12_B1 T15_B1
cell_43535827c0e3,T01_B1 T02_B1 T03_B1 T04_B1 T05_B1 T06_B1 T07_B1 T08_B1 T09_B1 T10_B1 T11_B1 T12_B1 T13_B1 T15_B1
cell_43a4554045ed,T00_B1 T01_B1 T02_B1 T03_B1 T04_B1 T05_B1 T07_B1 T12_B1 T15_B1
cell_43c5d2b0a6be,T03_B1 T07_B1 T08_B1 T15_B1
cell_443f16de51cc,T06_B2 T00_B1 T01_B1 T02_B1 T03_B1 T04_B1 T05_B1 T07_B1 T09_B1 T12_B1 T15_B1
cell_4445f8aed98e,T00_B1 T01_B1 T02_B1 T03_B1 T04_B1 T05_B1 T06_B1 T07_B1 T09_B1 T10_B1 T11_B1 T12_B1 T15_B1
cell_445e2853cda6,T05_B3 T00_B1 T01_B1 T03_B1 T04_B1 T07_B1 T08_B1 T09_B1 T12_B1
cell_450faa4b50f2,T14_B2 T00_B1 T01_B1 T02_B1 T03_B1 T04_B1 T07_B1 T08_B1 T09_B1 T10_B1 T11_B1 T15_B1
cell_453b1bd8779c,T02_B1 T03_B1 T04_B1 T06_B1 T07_B1 T09_B1 T12_B1
cell_455e8f44243f,T14_B3 T00_B1 T01_B1 T02_B1 T03_B1 T04_B1 T06_B1 T07_B1 T08_B1 T09_B1 T11_B1 T12_B1 T15_B1
cell_457597603d84,T00_B1 T01_B1 T02_B1 T03_B1 T04_B1 T05_B1 T07_B1 T08_B1 T09_B1 T11_B1 T12_B1 T15_B1
cell_45fc55f15479,T01_B1 T03_B1 T07_B1 T09_B1 T10_B1 T13_B1 T14_B1 T15_B1
cell_46ba209bea59,T13_B3 T01_B1 T02_B1 T03_B1 T07_B1 T09_B1 T12_B1 T15_B1
cell_46f0ad92516c,T00_B1 T01_B1 T03_B1 T04_B1 T07_B1 T12_B1 T15_B1
cell_46f5a2896865,T00_B1 T01_B1 T03_B1 T04_B1 T06_B1 T07_B1 T08_B1 T10_B1 T12_B1 T13_B1 T15_B1
cell_46ffc931ecd1,T12_B2 T00_B1 T01_B1 T02_B1 T03_B1 T04_B1 T05_B1 T06_B1 T07_B1 T08_B1 T09_B1 T15_B1
cell_491c2f5112f3,T03_B1 T07_B1 T08_B1 T11_B1 T15_B1
cell_4924be1822de,T00_B1 T01_B1 T03_B1 T04_B1 T05_B1 T06_B1 T07_B1 T12_B1 T15_B1
cell_49261744f5ab,T01_B1 T02_B1 T03_B1 T04_B1 T05_B1 T07_B1 T09_B1 T11_B1 T12_B1
cell_492b1ddb45b7,T14_B3 T01_B1 T04_B1 T07_B1 T08_B1 T10_B1 T15_B1
cell_4a23795b6b08,T14_B3 T04_B1 T08_B1 T15_B1
cell_4a2c769b1068,T00_B1 T01_B1 T02_B1 T03_B1 T04_B1 T05_B1 T07_B1 T09_B1 T12_B1 T14_B1
cell_4a3cdfdda721,T14_B3 T04_B1 T06_B1 T07_B1 T08_B1 T09_B1 T10_B1 T11_B1 T15_B1
cell_4a51917eeae1,T12_B3 T06_B2 T00_B1 T01_B1 T02_B1 T03_B1 T04_B1 T05_B1 T07_B1 T11_B1 T15_B1
cell_4a5389a21658,T13_B3 T01_B1 T03_B1 T04_B1 T07_B1 T15_B1
cell_4b105d4116f2,T14_B3 T00_B1 T02_B1 T04_B1 T06_B1 T07_B1 T08_B1 T09_B1 T10_B1 T11_B1 T12_B1 T15_B1
cell_4b107c411dbe,T13_B2 T00_B1 T01_B1 T02_B1 T03_B1 T04_B1 T05_B1 T06_B1 T07_B1 T08_B1 T09_B1 T10_B1 T11_B1 T12_B1 T15_B1
cell_4b110ce589c3,T14_B2 T03_B1 T12_B1 T15_B1
cell_4b5d7c2e422d,T13_B3 T01_B1 T02_B1 T03_B1 T04_B1 T05_B1 T07_B1 T10_B1 T12_B1
cell_4b7ce9ef38b7,T13_B3 T01_B1 T02_B1 T03_B1 T04_B1 T06_B1 T07_B1 T09_B1 T10_B1 T11_B1 T12_B1 T15_B1
cell_4b9a7145fc5e,T06_B2 T00_B1 T01_B1 T02_B1 T03_B1 T04_B1 T05_B1 T15_B1
cell_4bf741257093,T14_B3 T00_B1 T01_B1 T03_B1 T04_B1 T06_B1 T07_B1 T08_B1 T10_B1 T11_B1 T12_B1 T15_B1
cell_4c433ed180dc,T13_B3 T00_B1 T01_B1 T02_B1 T03_B1 T04_B1 T05_B1 T06_B1 T07_B1 T08_B1 T10_B1 T11_B1 T12_B1 T15_B1
cell_4c5e4a2b1eeb,T13_B3 T00_B1 T01_B1 T02_B1 T03_B1 T04_B1 T05_B1 T06_B1 T07_B1 T08_B1 T09_B1 T10_B1 T11_B1 T12_B1 T15_B1
cell_4cabf0329c35,T14_B3 T00_B1 T02_B1 T04_B1 T06_B1 T07_B1 T08_B1 T09_B1 T10_B1 T15_B1
cell_4cad7cc551f1,T04_B1 T15_B1
cell_4cc87c381c81,T06_B3 T00_B1 T01_B1 T02_B1 T03_B1 T04_B1 T05_B1 T07_B1 T08_B1 T09_B1 T12_B1 T15_B1
cell_4ce2716c1f11,T01_B1 T03_B1 T04_B1 T15_B1
cell_4d98afa2a94b,T12_B2 T00_B1 T01_B1 T03_B1 T04_B1 T05_B1 T06_B1 T07_B1 T08_B1 T15_B1
cell_4d9e56370e2c,T05_B3 T13_B2 T00_B1 T01_B1 T02_B1 T03_B1 T04_B1 T06_B1 T07_B1 T09_B1 T10_B1 T11_B1 T12_B1 T15_B1
cell_4dbfde7807bf,T14_B3 T00_B1 T02_B1 T03_B1 T04_B1 T06_B1 T07_B1 T08_B1 T09_B1 T10_B1 T11_B1 T12_B1 T15_B1
cell_4e141dd26bb1,T01_B1 T02_B1 T03_B1 T04_B1 T05_B1 T07_B1 T10_B1 T11_B1 T12_B1 T15_B1
cell_4e1f24036bbd,T14_B3 T00_B1 T01_B1 T02_B1 T03_B1 T04_B1 T06_B1 T07_B1 T08_B1 T09_B1 T10_B1 T11_B1 T12_B1 T15_B1
cell_4f1e47d017de,T03_B1 T04_B1 T07_B1 T08_B1 T11_B1 T12_B1 T15_B1
cell_4fe23c04b7e1,T14_B3 T07_B1 T08_B1 T13_B1 T15_B1
cell_5009fb669dbd,T12_B3 T05_B2 T00_B1 T01_B1 T02_B1 T03_B1 T04_B1 T06_B1 T07_B1 T09_B1 T10_B1 T11_B1 T15_B1
cell_5055821259b2,T00_B1 T01_B1 T02_B1 T03_B1 T04_B1 T05_B1 T06_B1 T07_B1 T08_B1 T09_B1 T10_B1 T12_B1 T13_B1 T15_B1
cell_505ea70a5d42,T14_B3 T04_B1 T06_B1 T07_B1 T08_B1 T11_B1 T15_B1
cell_50a3a833f990,T00_B1 T01_B1 T02_B1 T03_B1 T04_B1 T05_B1 T06_B1 T07_B1 T08_B1 T09_B1 T10_B1 T11_B1 T12_B1 T14_B1 T15_B1
cell_5192248d26bb,T13_B3 T00_B1 T01_B1 T02_B1 T03_B1 T04_B1 T05_B1 T06_B1 T07_B1 T09_B1 T12_B1 T15_B1
cell_51c2327fcea2,T00_B1 T01_B1 T05_B1 T06_B1 T09_B1 T12_B1
cell_525541b31755,T14_B3 T00_B1 T01_B1 T02_B1 T03_B1 T04_B1 T06_B1 T07_B1 T08_B1 T09_B1 T10_B1 T11_B1 T15_B1
cell_525bdc898836,T01_B1 T02_B1 T03_B1 T04_B1 T05_B1 T07_B1 T08_B1 T09_B1 T10_B1 T11_B1 T12_B1 T15_B1
cell_527d5a49c5aa,T14_B3 T01_B1 T02_B1 T04_B1 T06_B1 T07_B1 T08_B1 T09_B1 T10_B1 T11_B1 T12_B1 T15_B1
cell_5302dc6d5fc8,T14_B3 T00_B1 T03_B1 T04_B1 T06_B1 T07_B1 T08_B1 T09_B1 T10_B1 T11_B1 T12_B1 T15_B1
cell_5356e5e979ac,T00_B1 T04_B1 T12_B1 T15_B1
cell_537276666674,T00_B1 T01_B1 T02_B1 T03_B1 T04_B1 T05_B1 T07_B1 T09_B1 T11_B1 T12_B1
cell_53d506f9d514,T05_B2 T00_B1 T01_B1 T02_B1 T03_B1 T04_B1 T06_B1 T07_B1 T08_B1 T10_B1 T11_B1 T12_B1 T13_B1 T15_B1
cell_53d718fd91f1,T03_B1 T07_B1
cell_53f0cd70ca69,T03_B1 T04_B1 T07_B1 T12_B1 T13_B1
cell_53fb96e132da,T00_B1 T01_B1 T02_B1 T03_B1 T04_B1 T05_B1 T06_B1 T07_B1 T09_B1 T10_B1 T11_B1 T12_B1 T15_B1
cell_5474e4f72c54,T14_B3 T00_B1 T02_B1 T04_B1 T06_B1 T07_B1 T08_B1 T09_B1 T10_B1 T11_B1 T12_B1 T15_B1
cell_5481a3782025,T05_B3 T06_B3 T12_B3 T00_B1 T01_B1 T02_B1 T03_B1 T04_B1 T07_B1 T09_B1 T15_B1
cell_549d2cfd52ed,T14_B3 T00_B1 T02_B1 T03_B1 T04_B1 T06_B1 T07_B1 T08_B1 T09_B1 T10_B1 T11_B1 T12_B1 T15_B1
cell_54d7f702ec1b,T00_B1 T01_B1 T03_B1 T04_B1 T05_B1 T06_B1 T07_B1 T09_B1 T12_B1 T15_B1
cell_5513d2e9921e,T00_B1 T01_B1 T02_B1 T03_B1 T04_B1 T05_B1 T06_B1 T07_B1 T08_B1 T09_B1 T10_B1 T11_B1 T12_B1 T15_B1
cell_555cfdd2a7f4,T14_B3 T00_B1 T03_B1 T04_B1 T07_B1 T08_B1 T10_B1 T12_B1 T15_B1
cell_5592adf06464,T05_B3 T06_B3 T00_B1 T01_B1 T03_B1 T04_B1 T07_B1 T09_B1 T12_B1 T15_B1
cell_5685f0c267b6,T13_B2 T00_B1 T01_B1 T02_B1 T03_B1 T04_B1 T05_B1 T06_B1 T07_B1 T08_B1 T09_B1 T10_B1 T11_B1 T12_B1 T15_B1
cell_5706b4da8ead,T14_B2 T00_B1 T01_B1 T02_B1 T03_B1 T04_B1 T05_B1 T07_B1 T08_B1 T09_B1 T10_B1 T11_B1 T12_B1 T15_B1
cell_573f38138d04,T14_B3 T00_B1 T03_B1 T04_B1 T06_B1 T07_B1 T08_B1 T09_B1 T10_B1 T11_B1 T12_B1 T15_B1
cell_577cb2b30824,T00_B1 T01_B1 T03_B1 T04_B1 T05_B1 T06_B1 T07_B1 T08_B1 T09_B1 T10_B1 T12_B1 T15_B1
cell_57dbf91356f8,T06_B1 T07_B1 T09_B1 T12_B1 T14_B1 T15_B1
cell_5854b333f776,T14_B2 T00_B1 T02_B1 T04_B1 T06_B1 T07_B1 T08_B1 T09_B1 T10_B1 T11_B1 T12_B1 T15_B1
cell_58f4a73525a1,T00_B1 T01_B1 T03_B1 T04_B1 T05_B1 T06_B1 T07_B1 T08_B1 T09_B1 T11_B1 T12_B1 T15_B1
cell_5a04f0f20b0f,T12_B3 T00_B1 T01_B1 T03_B1 T04_B1 T05_B1 T06_B1 T07_B1 T11_B1 T13_B1 T15_B1
cell_5a56db450e7d,T14_B3 T00_B1 T01_B1 T02_B1 T03_B1 T07_B1 T08_B1 T09_B1 T10_B1 T11_B1 T15_B1
cell_5a5a90f4e208,T02_B1 T03_B1 T04_B1 T05_B1 T06_B1 T07_B1 T08_B1 T09_B1 T11_B1 T12_B1 T14_B1 T15_B1
cell_5a798a5dd188,NONE
cell_5a85b42bce57,T12_B2 T00_B1 T01_B1 T02_B1 T03_B1 T04_B1 T05_B1 T06_B1 T07_B1 T10_B1 T11_B1 T13_B1 T15_B1
cell_5a91cb09e3e8,T00_B1 T01_B1 T02_B1 T03_B1 T04_B1 T05_B1 T06_B1 T07_B1 T08_B1 T09_B1 T10_B1 T11_B1 T12_B1 T15_B1
cell_5b6143b77133,T12_B3 T00_B1 T01_B1 T02_B1 T03_B1 T04_B1 T05_B1 T06_B1 T07_B1 T09_B1 T10_B1 T13_B1 T15_B1
cell_5bb191d2fcdc,T00_B1 T01_B1 T02_B1 T03_B1 T04_B1 T05_B1 T07_B1 T08_B1 T09_B1 T10_B1 T11_B1 T12_B1 T13_B1 T15_B1
cell_5bb206c49c36,T12_B2 T01_B1 T03_B1 T04_B1 T07_B1 T09_B1
cell_5bd27bb728f6,T13_B2 T00_B1 T01_B1 T02_B1 T03_B1 T04_B1 T05_B1 T06_B1 T07_B1 T08_B1 T09_B1 T10_B1 T11_B1 T12_B1 T15_B1
cell_5c2affdba67a,T14_B3 T00_B1 T01_B1 T02_B1 T03_B1 T04_B1 T06_B1 T07_B1 T08_B1 T09_B1 T10_B1 T11_B1 T12_B1 T15_B1
cell_5c2d6ac78137,T03_B1 T09_B1
cell_5c347d58b5c5,T01_B1 T03_B1 T04_B1 T07_B1 T12_B1
cell_5c37fad82e45,T01_B1 T02_B1 T03_B1 T04_B1 T05_B1 T07_B1 T09_B1 T10_B1 T11_B1 T12_B1 T13_B1
cell_5c7cd13f075e,T14_B3 T00_B1 T02_B1 T03_B1 T06_B1 T07_B1 T08_B1 T09_B1 T11_B1 T12_B1 T15_B1
cell_5cc280337683,T06_B3 T13_B3 T01_B1 T02_B1 T03_B1 T04_B1 T05_B1 T07_B1 T09_B1 T10_B1 T11_B1 T12_B1 T15_B1
cell_5cf6fc79edf1,T14_B3 T00_B1 T01_B1 T02_B1 T03_B1 T04_B1 T06_B1 T07_B1 T08_B1 T09_B1 T10_B1 T11_B1 T12_B1 T15_B1
cell_5d47064a36d0,T00_B1 T12_B1 T15_B1
cell_5da386176d74,T14_B3 T00_B1 T01_B1 T02_B1 T04_B1 T06_B1 T07_B1 T08_B1 T15_B1
cell_5dbbfbd6b9eb,T00_B1 T01_B1 T02_B1 T03_B1 T04_B1 T05_B1 T07_B1 T08_B1 T10_B1 T11_B1 T12_B1 T14_B1 T15_B1
cell_5e1f351414da,T06_B3 T05_B2 T12_B2 T00_B1 T01_B1 T02_B1 T03_B1 T04_B1 T07_B1 T09_B1 T10_B1 T11_B1 T15_B1
cell_5e32c6a08310,T13_B3 T00_B1 T01_B1 T03_B1 T05_B1 T07_B1 T11_B1 T12_B1 T15_B1
cell_5f40ce6f2e80,T01_B1 T02_B1 T03_B1 T05_B1 T07_B1 T09_B1 T12_B1 T13_B1
cell_5f7cd6e23e0c,T00_B1 T01_B1 T02_B1 T03_B1 T04_B1 T05_B1 T06_B1 T07_B1 T08_B1 T10_B1 T11_B1 T12_B1 T13_B1 T15_B1
cell_5fbe4d00bae7,T00_B1 T01_B1 T03_B1 T04_B1 T07_B1 T12_B1
cell_605feba8e6a4,T03_B1 T04_B1 T07_B1 T10_B1 T11_B1 T12_B1 T13_B1 T15_B1
cell_6075038418c5,T05_B2 T01_B1 T02_B1 T03_B1 T04_B1 T06_B1 T07_B1 T08_B1 T09_B1 T10_B1 T11_B1 T12_B1 T15_B1
cell_60b02a347952,T05_B3 T13_B2 T01_B1 T03_B1 T04_B1 T07_B1 T09_B1 T10_B1 T11_B1 T12_B1 T15_B1
cell_60e79a4ecd3e,T13_B3 T00_B1 T01_B1 T02_B1 T03_B1 T04_B1 T05_B1 T06_B1 T07_B1 T09_B1 T12_B1 T15_B1
cell_61d1d8ae16ce,T14_B2 T00_B1 T01_B1 T02_B1 T04_B1 T06_B1 T07_B1 T08_B1 T10_B1 T12_B1 T15_B1
cell_61fc24b20322,NONE
cell_626857983f12,T03_B1 T05_B1 T09_B1 T12_B1 T15_B1
cell_629dfdd1b615,T14_B3 T00_B1 T01_B1 T02_B1 T03_B1 T04_B1 T06_B1 T07_B1 T08_B1 T09_B1 T10_B1 T11_B1 T12_B1 T15_B1
cell_62be3a88f377,T01_B1 T02_B1 T03_B1 T07_B1 T09_B1 T12_B1 T15_B1
cell_62c9cd2eb2c9,T14_B3 T00_B1 T06_B1 T07_B1 T10_B1 T11_B1 T12_B1 T15_B1
cell_62d2122fa37d,T01_B1 T03_B1 T07_B1 T09_B1 T12_B1 T13_B1 T15_B1
cell_62dae4406f70,T13_B2 T02_B1 T03_B1 T07_B1 T09_B1 T10_B1 T12_B1
cell_630c2799dd8b,T01_B1 T03_B1 T07_B1 T15_B1
cell_635c799dbd8c,T14_B3 T00_B1 T01_B1 T02_B1 T03_B1 T04_B1 T06_B1 T07_B1 T08_B1 T10_B1 T11_B1 T12_B1 T15_B1
cell_6363b502110a,T14_B3 T00_B1 T03_B1 T04_B1 T06_B1 T07_B1 T09_B1 T10_B1 T12_B1 T15_B1
cell_6375f480939b,T13_B3 T00_B1 T01_B1 T02_B1 T03_B1 T04_B1 T05_B1 T07_B1 T08_B1 T09_B1 T10_B1 T12_B1 T15_B1
cell_63aaf35d82c6,T05_B2 T00_B1 T01_B1 T02_B1 T03_B1 T04_B1 T06_B1 T07_B1 T09_B1 T11_B1 T12_B1 T15_B1
cell_64179707de0e,T05_B2 T06_B2 T01_B1 T02_B1 T03_B1 T04_B1 T07_B1 T08_B1 T09_B1 T13_B1 T15_B1
cell_642feb11ebd8,T00_B1 T01_B1 T03_B1 T04_B1 T05_B1 T06_B1 T07_B1 T09_B1 T11_B1 T12_B1 T13_B1 T15_B1
cell_654d908e5f57,T03_B1 T04_B1 T08_B1 T12_B1 T15_B1
cell_6552ee4876cc,T00_B1 T01_B1 T02_B1 T03_B1 T04_B1 T05_B1 T06_B1 T07_B1 T08_B1 T10_B1 T11_B1 T12_B1 T15_B1
cell_6557890afd54,T12_B2 T00_B1 T01_B1 T02_B1 T03_B1 T04_B1 T05_B1 T06_B1 T07_B1 T08_B1 T15_B1
cell_655aee213c16,T14_B3 T02_B1 T04_B1 T06_B1 T07_B1 T08_B1 T09_B1 T11_B1 T15_B1
cell_65a27f995cd4,T00_B1 T01_B1 T02_B1 T03_B1 T04_B1 T05_B1 T06_B1 T07_B1 T08_B1 T09_B1 T11_B1 T12_B1 T13_B1 T15_B1
cell_65f5f483e673,T01_B1 T03_B1 T04_B1 T07_B1 T08_B1 T14_B1 T15_B1
cell_6625a6712faa,T05_B3 T00_B1 T01_B1 T02_B1 T03_B1 T04_B1 T06_B1 T07_B1 T08_B1 T09_B1 T10_B1 T11_B1 T12_B1 T13_B1 T15_B1
cell_667fce6e3129,T13_B3 T06_B2 T12_B2 T00_B1 T01_B1 T02_B1 T03_B1 T04_B1 T05_B1 T07_B1 T08_B1 T09_B1 T15_B1
cell_668924c889da,T01_B1 T03_B1 T12_B1 T15_B1
cell_66c41fbb12c1,T06_B3 T00_B1 T01_B1 T04_B1 T05_B1 T07_B1 T08_B1 T09_B1 T15_B1
cell_67c6577af350,T05_B3 T00_B1 T01_B1 T03_B1 T04_B1 T07_B1 T09_B1 T11_B1 T12_B1 T13_B1 T15_B1
cell_67e64bb60217,T00_B1 T02_B1 T03_B1 T04_B1 T07_B1 T08_B1 T09_B1 T10_B1 T12_B1 T14_B1 T15_B1
cell_68f993146e02,T14_B2 T00_B1 T01_B1 T02_B1 T03_B1 T04_B1 T06_B1 T07_B1 T08_B1 T10_B1 T13_B1 T15_B1
cell_69080a32da40,T06_B1 T07_B1 T09_B1
cell_69448c2b527f,T00_B1 T01_B1 T04_B1 T12_B1 T15_B1
cell_695f60ca1059,T00_B1 T01_B1 T02_B1 T03_B1 T04_B1 T05_B1 T06_B1 T07_B1 T09_B1 T10_B1 T12_B1
cell_69afc68c223a,T14_B2 T00_B1 T01_B1 T02_B1 T03_B1 T04_B1 T06_B1 T07_B1 T09_B1 T10_B1 T11_B1 T12_B1 T15_B1
cell_69f82fcf529d,NONE
cell_6a0ed3adcd2e,T13_B3 T01_B1 T03_B1 T04_B1 T05_B1 T07_B1 T11_B1 T12_B1 T15_B1
cell_6a2ca94d089d,T00_B1 T01_B1 T03_B1 T04_B1 T05_B1 T06_B1 T07_B1 T08_B1 T12_B1 T15_B1
cell_6a2f12680ac8,T14_B3 T00_B1 T02_B1 T03_B1 T04_B1 T07_B1 T08_B1 T09_B1 T10_B1 T11_B1 T15_B1
cell_6a5ab5b02691,T03_B1 T04_B1 T06_B1 T07_B1 T11_B1 T12_B1
cell_6b5677e62d7c,T13_B3 T00_B1 T01_B1 T02_B1 T03_B1 T04_B1 T05_B1 T06_B1 T07_B1 T08_B1 T09_B1 T10_B1 T11_B1 T12_B1 T15_B1
cell_6b70d89ed524,T12_B3 T00_B1 T01_B1 T02_B1 T03_B1 T04_B1 T05_B1 T06_B1 T07_B1 T09_B1 T10_B1 T11_B1 T15_B1
cell_6ba4506f6854,T14_B2 T02_B1 T03_B1 T07_B1 T08_B1 T09_B1 T10_B1 T11_B1 T15_B1
cell_6bca3e996166,T00_B1 T01_B1 T03_B1 T04_B1 T05_B1 T06_B1 T07_B1 T08_B1 T09_B1 T10_B1 T11_B1 T12_B1 T15_B1
cell_6be6cbd9613c,T14_B3 T00_B1 T01_B1 T02_B1 T03_B1 T04_B1 T06_B1 T07_B1 T08_B1 T09_B1 T10_B1 T11_B1 T12_B1 T15_B1
cell_6c32d95e5599,T14_B3 T04_B1 T07_B1 T08_B1 T09_B1 T10_B1 T11_B1 T12_B1 T15_B1
cell_6c61b2bedce0,T12_B2 T01_B1 T03_B1 T04_B1 T05_B1 T06_B1 T07_B1 T09_B1 T10_B1 T13_B1 T15_B1
cell_6ccb3bfa9148,T01_B1 T02_B1 T03_B1 T04_B1 T07_B1 T08_B1 T09_B1 T10_B1 T12_B1 T15_B1
cell_6d37effbb725,T14_B2 T00_B1 T01_B1 T02_B1 T03_B1 T04_B1 T06_B1 T07_B1 T08_B1 T09_B1 T10_B1 T12_B1 T15_B1
cell_6d4759fa7dd5,NONE
cell_6dc94af98274,T00_B1 T01_B1 T03_B1 T05_B1 T06_B1 T07_B1 T08_B1 T11_B1 T12_B1
cell_6efb2a961ceb,T14_B3 T00_B1 T01_B1 T02_B1 T03_B1 T04_B1 T06_B1 T07_B1 T08_B1 T09_B1 T10_B1 T12_B1 T15_B1
cell_6f0d50e72bf3,T00_B1 T01_B1 T02_B1 T03_B1 T04_B1 T05_B1 T06_B1 T07_B1 T10_B1 T12_B1 T15_B1
cell_6f29318cf7e2,T13_B3 T06_B2 T00_B1 T01_B1 T02_B1 T03_B1 T04_B1 T05_B1 T07_B1 T08_B1 T09_B1 T10_B1 T11_B1 T12_B1 T15_B1
cell_6f2cf562e544,T00_B1 T01_B1 T03_B1 T04_B1 T07_B1 T12_B1 T15_B1
cell_6f300accea02,T00_B1 T01_B1 T02_B1 T03_B1 T05_B1 T06_B1 T07_B1 T09_B1 T12_B1 T15_B1
cell_6f365f6b8775,T01_B1 T02_B1 T03_B1 T04_B1 T05_B1 T12_B1 T15_B1
cell_6f5f7403e6d5,T14_B3 T00_B1 T04_B1 T06_B1 T07_B1 T08_B1 T09_B1 T10_B1 T11_B1 T12_B1 T15_B1
cell_6f65e296fe67,T00_B1 T01_B1 T02_B1 T03_B1 T04_B1 T05_B1 T06_B1 T07_B1 T08_B1 T09_B1 T10_B1 T11_B1 T12_B1 T13_B1 T15_B1
cell_6fc6a0c51736,NONE
cell_6feaa6297abe,T00_B1 T01_B1 T02_B1 T03_B1 T04_B1 T05_B1 T06_B1 T07_B1 T08_B1 T09_B1 T12_B1 T15_B1
cell_7093343722f4,T13_B2 T01_B1 T02_B1 T03_B1 T04_B1 T05_B1 T07_B1 T12_B1
cell_71a2f41bdc42,T03_B1 T04_B1 T07_B1 T10_B1 T14_B1 T15_B1
cell_722507ca22d8,T14_B3 T00_B1 T02_B1 T03_B1 T04_B1 T07_B1 T08_B1 T09_B1 T11_B1 T15_B1
cell_723e55a12822,T00_B1 T04_B1 T08_B1 T15_B1
cell_72761373063b,T00_B1 T01_B1 T02_B1 T03_B1 T05_B1 T06_B1 T07_B1 T10_B1 T12_B1
cell_72efbfa07ac5,T14_B2 T00_B1 T07_B1 T08_B1 T11_B1 T12_B1 T15_B1
cell_72fcf8a258fe,T05_B3 T13_B2 T00_B1 T01_B1 T02_B1 T03_B1 T04_B1 T07_B1 T09_B1 T11_B1 T12_B1 T15_B1
cell_738ed3ad3e0c,T12_B2 T00_B1 T01_B1 T03_B1 T04_B1 T07_B1 T09_B1
cell_74bd9e49e28b,T14_B3 T06_B2 T02_B1 T03_B1 T04_B1 T07_B1 T09_B1 T15_B1
cell_753854bac32f,T13_B3 T00_B1 T01_B1 T02_B1 T03_B1 T04_B1 T05_B1 T07_B1 T09_B1 T10_B1 T12_B1 T15_B1
cell_753e93a89fcf,T01_B1 T07_B1 T15_B1
cell_7672de9138ba,T00_B1 T01_B1 T02_B1 T03_B1 T06_B1 T07_B1 T08_B1 T09_B1 T12_B1 T15_B1
cell_768030c2bd8a,T01_B1 T02_B1 T03_B1 T04_B1 T05_B1 T06_B1 T12_B1 T13_B1
cell_76bcf152b8b3,T13_B3 T00_B1 T01_B1 T02_B1 T03_B1 T04_B1 T05_B1 T06_B1 T07_B1 T08_B1 T09_B1 T10_B1 T11_B1 T12_B1 T15_B1
cell_76c7029de08a,T12_B3 T01_B1 T02_B1 T03_B1 T04_B1 T05_B1 T06_B1 T07_B1 T09_B1
cell_770af7e654f5,T00_B1 T01_B1 T03_B1 T04_B1 T07_B1 T08_B1 T09_B1 T11_B1 T12_B1 T15_B1
cell_77441a864e12,T13_B2 T01_B1 T02_B1 T03_B1 T04_B1 T05_B1 T07_B1 T09_B1 T10_B1 T11_B1 T12_B1 T15_B1
cell_779c33c5e746,T01_B1 T03_B1 T07_B1 T09_B1 T13_B1 T15_B1
cell_77b5f877e212,T13_B3 T01_B1 T02_B1 T03_B1 T07_B1 T09_B1 T10_B1 T12_B1
cell_780381289973,T07_B1 T14_B1 T15_B1
cell_7826ecd83042,T00_B1 T01_B1 T03_B1 T04_B1 T05_B1 T07_B1 T12_B1 T15_B1
cell_78b2bbcdd42d,T01_B1 T03_B1 T04_B1 T08_B1 T10_B1 T15_B1
cell_795e5363b40b,T05_B3 T06_B2 T00_B1 T01_B1 T02_B1 T03_B1 T04_B1 T07_B1 T08_B1 T09_B1 T11_B1 T12_B1 T15_B1
cell_79b033693a02,T13_B3 T00_B1 T01_B1 T02_B1 T03_B1 T04_B1 T05_B1 T06_B1 T07_B1 T08_B1 T09_B1 T10_B1 T11_B1 T12_B1 T15_B1
cell_79c547972657,T07_B1 T14_B1 T15_B1
cell_79dc0bba320d,T00_B1 T01_B1 T02_B1 T03_B1 T04_B1 T05_B1 T06_B1 T07_B1 T08_B1 T09_B1 T10_B1 T11_B1 T12_B1 T14_B1 T15_B1
cell_7a0c080b40e2,T04_B1 T05_B1 T06_B1 T07_B1 T08_B1 T15_B1
cell_7a224501bdb5,T05_B2 T00_B1 T01_B1 T03_B1 T04_B1 T11_B1 T12_B1 T15_B1
cell_7b41fc706803,T06_B2 T00_B1 T01_B1 T03_B1 T04_B1 T05_B1 T07_B1 T09_B1 T12_B1 T15_B1
cell_7bc7c4cf501c,T00_B1 T01_B1 T03_B1 T04_B1 T09_B1 T15_B1
cell_7be9421e9012,T14_B3 T00_B1 T04_B1 T06_B1 T07_B1 T08_B1 T09_B1 T10_B1 T12_B1 T15_B1
cell_7bfe980a4e59,T13_B3 T01_B1 T03_B1 T05_B1 T06_B1 T07_B1 T09_B1 T12_B1 T15_B1
cell_7c3c5307fb1e,T00_B1 T04_B1 T06_B1 T07_B1 T11_B1 T12_B1 T14_B1 T15_B1
cell_7c66acafa2b5,T03_B1 T07_B1 T12_B1 T14_B1
cell_7cca0b086117,T12_B3 T00_B1 T01_B1 T03_B1 T04_B1 T05_B1 T06_B1 T07_B1 T10_B1 T13_B1 T15_B1
cell_7cd5e927c6c4,T00_B1 T01_B1 T02_B1 T03_B1 T06_B1 T07_B1 T08_B1 T09_B1 T12_B1 T14_B1 T15_B1
cell_7d5bf831869f,T05_B3 T06_B2 T00_B1 T01_B1 T03_B1 T04_B1 T07_B1 T09_B1 T12_B1 T13_B1 T15_B1
cell_7d98a5eac10f,T14_B3 T00_B1 T02_B1 T03_B1 T04_B1 T06_B1 T07_B1 T08_B1 T09_B1 T11_B1 T15_B1
cell_7d9fd7d2a61f,T00_B1 T01_B1 T02_B1 T03_B1 T04_B1 T05_B1 T06_B1 T07_B1 T08_B1 T10_B1 T11_B1 T12_B1 T13_B1 T14_B1 T15_B1
cell_7e2122aac915,T01_B1 T03_B1 T06_B1 T07_B1 T09_B1 T12_B1 T15_B1
cell_7e2a012ac8fe,T14_B3 T00_B1 T02_B1 T07_B1 T08_B1 T10_B1 T11_B1 T12_B1 T15_B1
cell_7e3d5806ae53,T00_B1 T01_B1 T03_B1 T04_B1 T05_B1 T07_B1 T08_B1 T09_B1 T11_B1 T12_B1 T13_B1 T15_B1
cell_7f051593c9ee,T06_B2 T12_B2 T00_B1 T01_B1 T02_B1 T03_B1 T04_B1 T07_B1 T11_B1 T15_B1
cell_7f61c6238116,T13_B3 T01_B1 T03_B1 T04_B1 T05_B1 T07_B1 T09_B1 T12_B1 T15_B1
cell_7fe4acfd0622,NONE
cell_804f1548710a,T00_B1 T01_B1 T03_B1 T04_B1 T05_B1 T12_B1 T15_B1
cell_806c95a94aea,T12_B3 T13_B2 T01_B1 T02_B1 T03_B1 T05_B1 T06_B1 T07_B1 T09_B1 T10_B1
cell_80fe30cdca75,T00_B1 T01_B1 T03_B1 T04_B1 T05_B1 T06_B1 T07_B1 T09_B1 T12_B1 T15_B1
cell_81076b83133d,T13_B3 T12_B2 T00_B1 T01_B1 T02_B1 T03_B1 T05_B1 T06_B1 T07_B1 T09_B1 T11_B1 T15_B1
cell_814c4a961bfb,T05_B3 T00_B1 T01_B1 T03_B1 T04_B1 T07_B1 T09_B1 T10_B1 T11_B1 T12_B1 T15_B1
cell_818476804aea,T00_B1 T01_B1 T02_B1 T03_B1 T04_B1 T05_B1 T06_B1 T07_B1 T08_B1 T11_B1 T12_B1 T15_B1
cell_82527a2569ae,T05_B3 T00_B1 T01_B1 T03_B1 T07_B1 T12_B1 T13_B1
cell_82af0fa85b0e,T14_B3 T00_B1 T01_B1 T04_B1 T06_B1 T07_B1 T08_B1 T09_B1 T10_B1 T11_B1 T12_B1 T15_B1
cell_83dfa1e3ffcf,T13_B3 T01_B1 T03_B1 T06_B1 T07_B1 T09_B1 T12_B1
cell_8429ec74d768,T00_B1 T01_B1 T02_B1 T03_B1 T04_B1 T05_B1 T06_B1 T07_B1 T08_B1 T10_B1 T11_B1 T12_B1 T15_B1
cell_8452845472ee,T01_B1 T03_B1 T05_B1 T07_B1 T11_B1 T12_B1 T13_B1 T15_B1
cell_84b0b8383b0c,T06_B3 T07_B1 T09_B1 T12_B1 T15_B1
cell_84d9e8db11b8,T06_B2 T00_B1 T01_B1 T02_B1 T03_B1 T04_B1 T05_B1 T07_B1 T08_B1 T09_B1 T10_B1 T11_B1 T12_B1 T15_B1
cell_8505a597951e,T13_B3 T00_B1 T01_B1 T02_B1 T03_B1 T04_B1 T05_B1 T06_B1 T07_B1 T08_B1 T09_B1 T10_B1 T12_B1 T15_B1
cell_8567a809ec40,T13_B2 T00_B1 T01_B1 T02_B1 T03_B1 T04_B1 T05_B1 T07_B1 T08_B1 T09_B1 T10_B1 T12_B1
cell_8571beab79c1,T00_B1 T01_B1 T02_B1 T03_B1 T04_B1 T07_B1 T11_B1 T12_B1 T15_B1
cell_861c6546c37f,T00_B1 T01_B1 T02_B1 T03_B1 T04_B1 T05_B1 T06_B1 T07_B1 T08_B1 T09_B1 T10_B1 T11_B1 T12_B1 T15_B1
cell_862bbc2396cb,T14_B3 T01_B1 T03_B1 T04_B1 T06_B1 T07_B1 T08_B1 T10_B1 T11_B1 T12_B1 T15_B1
cell_87ac8708b76f,T14_B2 T00_B1 T01_B1 T02_B1 T03_B1 T04_B1 T06_B1 T07_B1 T10_B1 T15_B1
cell_87deac1b0c2d,T05_B3 T12_B3 T13_B3 T01_B1 T02_B1 T03_B1 T04_B1 T06_B1 T07_B1 T09_B1 T10_B1
cell_884cdb40376e,T14_B3 T00_B1 T02_B1 T03_B1 T04_B1 T06_B1 T07_B1 T08_B1 T09_B1 T11_B1 T12_B1 T15_B1
cell_88b19d1e64a9,T06_B3 T13_B2 T03_B1 T07_B1 T09_B1 T11_B1 T12_B1
cell_88bfcdd66795,NONE
cell_88d7bd6cc5e4,T00_B1 T06_B1 T07_B1 T08_B1 T09_B1 T10_B1 T11_B1 T14_B1 T15_B1
cell_894fc2173bec,T12_B3 T06_B2 T01_B1 T04_B1 T07_B1 T09_B1 T15_B1
cell_898bc6a0ee89,T13_B3 T00_B1 T01_B1 T03_B1 T04_B1 T05_B1 T06_B1 T07_B1 T08_B1 T09_B1 T11_B1 T12_B1 T15_B1
cell_8a4b40ad6a4c,T14_B3 T07_B1 T08_B1 T09_B1 T11_B1 T15_B1
cell_8a9e113be7f1,T06_B2 T12_B2 T00_B1 T01_B1 T03_B1 T04_B1 T05_B1 T07_B1 T09_B1 T15_B1
cell_8adbf25dfcd7,T03_B1 T09_B1 T15_B1
cell_8b5ec13c6090,T01_B1 T02_B1 T03_B1 T04_B1 T05_B1 T07_B1 T12_B1 T15_B1
cell_8bba6fc0b779,T00_B1 T01_B1 T02_B1 T03_B1 T04_B1 T05_B1 T06_B1 T07_B1 T08_B1 T09_B1 T10_B1 T11_B1 T12_B1 T14_B1 T15_B1
cell_8be145a43539,T13_B3 T01_B1 T02_B1 T03_B1 T04_B1 T05_B1 T06_B1 T07_B1 T08_B1 T09_B1 T10_B1 T12_B1 T15_B1
cell_8be992318b74,T14_B3 T01_B1 T03_B1 T04_B1 T07_B1 T08_B1 T10_B1 T11_B1 T15_B1
cell_8c17d6675661,T01_B1 T02_B1 T03_B1 T04_B1 T05_B1 T06_B1 T07_B1 T08_B1 T09_B1 T10_B1 T11_B1 T14_B1 T15_B1
cell_8c36699b9a1c,T00_B1 T01_B1 T02_B1 T03_B1 T04_B1 T05_B1 T07_B1 T10_B1 T11_B1 T12_B1 T13_B1 T15_B1
cell_8d2ed52dd571,T01_B1 T04_B1 T08_B1 T15_B1
cell_8d3e9fd20c56,T14_B1
cell_8d434f8d80cb,T14_B3 T00_B1 T03_B1 T07_B1 T08_B1 T10_B1 T15_B1
cell_8e8848824ec9,T13_B3 T01_B1 T02_B1 T03_B1 T07_B1 T09_B1 T12_B1
cell_8f031704a869,T14_B2 T00_B1 T01_B1 T04_B1 T06_B1 T07_B1 T08_B1 T10_B1 T11_B1 T12_B1 T15_B1
cell_8f21cd3acb33,T13_B3 T06_B2 T00_B1 T01_B1 T02_B1 T03_B1 T04_B1 T07_B1 T10_B1 T11_B1 T12_B1 T15_B1
cell_8f5dc3e1e653,T14_B3 T00_B1 T01_B1 T02_B1 T03_B1 T04_B1 T05_B1 T06_B1 T07_B1 T08_B1 T09_B1 T10_B1 T11_B1 T12_B1 T15_B1
cell_8f81391a3a7a,T14_B2 T00_B1 T01_B1 T02_B1 T03_B1 T04_B1 T07_B1 T08_B1 T09_B1 T10_B1 T15_B1
cell_8f8688be5f84,T00_B1 T01_B1 T02_B1 T03_B1 T04_B1 T05_B1 T07_B1 T11_B1 T12_B1 T15_B1
cell_8fd0329fa3e1,T14_B3 T06_B2 T01_B1 T02_B1 T03_B1 T07_B1 T09_B1 T11_B1 T12_B1 T15_B1
cell_8feb1ab4f52d,T00_B1 T01_B1 T03_B1 T04_B1 T05_B1 T06_B1 T07_B1 T08_B1 T09_B1 T10_B1 T12_B1 T15_B1
cell_90450efb57b6,T00_B1 T01_B1 T03_B1 T04_B1 T05_B1 T06_B1 T07_B1 T09_B1 T12_B1
cell_90616437374a,T05_B2 T00_B1 T02_B1 T03_B1 T04_B1 T06_B1 T07_B1 T12_B1 T15_B1
cell_908cb32da1aa,T05_B3 T12_B3 T01_B1 T03_B1 T04_B1 T07_B1
cell_90bb39b2342c,T06_B3 T13_B2 T00_B1 T01_B1 T02_B1 T03_B1 T04_B1 T07_B1 T09_B1 T10_B1 T15_B1
cell_911d8e21c3f6,T14_B3 T02_B1 T04_B1 T06_B1 T07_B1 T08_B1 T09_B1 T10_B1 T11_B1 T15_B1
cell_915e970531fe,T01_B1 T03_B1 T04_B1 T07_B1 T10_B1 T12_B1 T13_B1
cell_91c6c32144b8,T01_B1 T07_B1 T14_B1 T15_B1
cell_91c6e3fc0c44,T12_B3 T13_B3 T06_B2 T00_B1 T01_B1 T02_B1 T03_B1 T04_B1 T05_B1 T07_B1 T09_B1 T10_B1 T15_B1
cell_91d0b3d123b2,T05_B2 T00_B1 T01_B1 T02_B1 T03_B1 T04_B1 T06_B1 T07_B1 T08_B1 T09_B1 T10_B1 T11_B1 T12_B1 T13_B1 T15_B1
cell_91df18d82d14,T12_B2 T01_B1 T03_B1 T07_B1
cell_93d656064f65,T13_B3 T00_B1 T01_B1 T02_B1 T03_B1 T04_B1 T05_B1 T06_B1 T07_B1 T09_B1 T10_B1 T11_B1 T12_B1 T15_B1
cell_93f0fe519f77,T14_B3 T00_B1 T03_B1 T04_B1 T06_B1 T07_B1 T08_B1 T09_B1 T10_B1 T11_B1 T12_B1 T15_B1
cell_9402ad401316,T05_B3 T00_B1 T01_B1 T03_B1 T04_B1 T07_B1 T12_B1 T15_B1
cell_9420fb2ae3cf,T12_B3 T00_B1 T01_B1 T03_B1 T04_B1 T05_B1 T07_B1 T09_B1 T15_B1
cell_942ea646ed54,T00_B1 T01_B1 T02_B1 T03_B1 T04_B1 T05_B1 T07_B1 T08_B1 T09_B1 T10_B1 T11_B1 T12_B1 T15_B1
cell_9452e9709050,T00_B1 T01_B1 T02_B1 T03_B1 T04_B1 T05_B1 T07_B1 T08_B1 T09_B1 T10_B1 T11_B1 T12_B1 T15_B1
cell_94828b4c4523,T01_B1 T03_B1 T07_B1 T13_B1 T15_B1
cell_94ee513f45fc,T00_B1 T01_B1 T03_B1 T07_B1 T09_B1 T10_B1 T13_B1 T15_B1
cell_95691ed3f40f,T06_B3 T05_B1 T12_B1
cell_965ac9c30940,T14_B3 T04_B1 T07_B1 T08_B1 T10_B1 T11_B1 T15_B1
cell_970ca1478c09,NONE
cell_9728ff9cc579,T01_B1 T06_B1 T07_B1 T08_B1
cell_9734ec5a54b4,NONE
cell_9760453fe68c,T14_B3 T07_B1 T08_B1 T10_B1 T15_B1
cell_978986082188,NONE
cell_97d0c657969d,T14_B3 T00_B1 T02_B1 T03_B1 T04_B1 T06_B1 T07_B1 T08_B1 T09_B1 T10_B1 T11_B1 T12_B1 T15_B1
cell_98365181ab73,T04_B1 T07_B1 T09_B1 T12_B1 T14_B1 T15_B1
cell_98efb031e489,T14_B3 T00_B1 T03_B1 T06_B1 T07_B1 T08_B1 T09_B1 T10_B1 T11_B1 T15_B1
cell_990101506ab9,T14_B3 T00_B1 T02_B1 T04_B1 T06_B1 T07_B1 T08_B1 T09_B1 T11_B1 T12_B1 T15_B1
cell_991d32454f99,NONE
cell_99345d62afc7,T13_B2 T00_B1 T01_B1 T02_B1 T03_B1 T04_B1 T05_B1 T06_B1 T07_B1 T08_B1 T09_B1 T10_B1 T11_B1 T12_B1 T15_B1
cell_9960f534f047,T01_B1 T02_B1 T03_B1 T05_B1 T07_B1 T09_B1 T12_B1
cell_998f1b09b9d0,T00_B1 T01_B1 T02_B1 T03_B1 T04_B1 T05_B1 T06_B1 T07_B1 T09_B1 T12_B1 T13_B1 T15_B1
cell_9999c9f190ec,T00_B1 T01_B1 T03_B1 T04_B1 T05_B1 T07_B1 T12_B1 T15_B1
cell_99f496d31745,T00_B1 T01_B1 T02_B1 T03_B1 T04_B1 T07_B1 T08_B1 T10_B1 T11_B1 T12_B1 T15_B1
cell_9a319b220688,T14_B3 T02_B1 T04_B1 T06_B1 T07_B1 T08_B1 T10_B1 T11_B1 T12_B1 T15_B1
cell_9a3cc2f2abab,T14_B2 T07_B1 T15_B1
cell_9ba2794138e9,T14_B3 T04_B1 T07_B1 T08_B1 T10_B1 T15_B1
cell_9bdd2fe5dd4b,T05_B2 T00_B1 T01_B1 T02_B1 T03_B1 T04_B1 T06_B1 T07_B1 T08_B1 T09_B1 T11_B1 T12_B1 T15_B1
cell_9de4df20da66,T00_B1 T01_B1 T02_B1 T03_B1 T04_B1 T05_B1 T06_B1 T07_B1 T08_B1 T09_B1 T10_B1 T11_B1 T12_B1 T14_B1 T15_B1
cell_9e987353d65f,T12_B3 T13_B3 T00_B1 T01_B1 T03_B1 T04_B1 T05_B1 T06_B1 T07_B1 T08_B1 T15_B1
cell_9f41952b91e5,T00_B1 T01_B1 T02_B1 T03_B1 T04_B1 T05_B1 T07_B1 T08_B1 T10_B1 T11_B1 T12_B1 T15_B1
cell_9f492073022c,T00_B1 T01_B1 T02_B1 T03_B1 T04_B1 T05_B1 T06_B1 T07_B1 T08_B1 T10_B1 T11_B1 T12_B1 T15_B1
cell_9f6867a389af,T14_B3 T00_B1 T01_B1 T02_B1 T03_B1 T04_B1 T06_B1 T07_B1 T08_B1 T09_B1 T10_B1 T11_B1 T12_B1 T15_B1
cell_9f6bdc0abc3a,T01_B1 T02_B1 T03_B1 T04_B1 T05_B1 T06_B1 T07_B1 T08_B1 T09_B1 T11_B1 T12_B1 T13_B1 T15_B1
cell_9f8a10668145,T00_B1 T01_B1 T03_B1 T04_B1 T05_B1 T07_B1 T08_B1 T09_B1 T12_B1 T15_B1
cell_9fa73f98254e,T01_B1 T03_B1 T04_B1 T05_B1 T07_B1 T10_B1 T13_B1 T15_B1
cell_9fc0b4ea4b14,T14_B3 T00_B1 T01_B1 T06_B1 T07_B1 T08_B1 T09_B1 T10_B1 T15_B1
cell_9fcbd5a50e54,T12_B2 T00_B1 T01_B1 T02_B1 T03_B1 T04_B1 T05_B1 T06_B1 T07_B1 T09_B1 T10_B1 T11_B1 T14_B1 T15_B1
cell_9fff281c784c,T12_B2 T00_B1 T01_B1 T02_B1 T03_B1 T04_B1 T05_B1 T06_B1 T07_B1 T08_B1 T09_B1 T11_B1 T15_B1
cell_a02547cfb45a,T00_B1 T01_B1 T02_B1 T03_B1 T04_B1 T05_B1 T06_B1 T07_B1 T09_B1 T12_B1 T15_B1
cell_a04f5050605b,T12_B3 T13_B3 T00_B1 T01_B1 T02_B1 T03_B1 T04_B1 T05_B1 T06_B1 T07_B1 T08_B1 T09_B1 T15_B1
cell_a0f91b176205,T05_B2 T00_B1 T01_B1 T02_B1 T03_B1 T04_B1 T06_B1 T07_B1 T08_B1 T09_B1 T10_B1 T11_B1 T12_B1 T15_B1
cell_a10df74eeccc,T14_B3 T00_B1 T04_B1 T06_B1 T07_B1 T08_B1 T10_B1 T11_B1 T15_B1
cell_a16d62240795,T13_B3 T01_B1 T02_B1 T03_B1 T04_B1 T07_B1 T08_B1 T09_B1 T10_B1 T11_B1 T12_B1 T15_B1
cell_a191bdd12be7,T14_B3 T00_B1 T01_B1 T02_B1 T04_B1 T06_B1 T07_B1 T08_B1 T10_B1 T11_B1 T12_B1 T15_B1
cell_a24e760593b7,T05_B3 T00_B1 T03_B1 T07_B1 T10_B1 T12_B1
cell_a27c3cd72ee8,T05_B3 T06_B3 T12_B2 T00_B1 T01_B1 T02_B1 T03_B1 T04_B1 T07_B1 T09_B1 T10_B1 T11_B1 T15_B1
cell_a2abc78157ba,T00_B1 T01_B1 T03_B1 T04_B1 T06_B1 T07_B1 T08_B1 T10_B1 T12_B1 T13_B1 T15_B1
cell_a32647117afd,T03_B1 T07_B1
cell_a42fe392b309,T00_B1 T01_B1 T02_B1 T03_B1 T04_B1 T05_B1 T06_B1 T07_B1 T08_B1 T11_B1 T12_B1 T15_B1
cell_a487941749db,T00_B1 T01_B1 T02_B1 T03_B1 T04_B1 T05_B1 T06_B1 T07_B1 T10_B1 T11_B1 T12_B1 T14_B1 T15_B1
cell_a4b106160c5d,T03_B1
cell_a501dc4808c4,T14_B2 T04_B1 T06_B1 T07_B1 T10_B1 T11_B1 T12_B1 T15_B1
cell_a53872871c2d,T00_B1 T01_B1 T02_B1 T03_B1 T04_B1 T05_B1 T07_B1 T10_B1 T12_B1 T13_B1 T15_B1
cell_a55460c9cf07,T14_B2 T00_B1 T01_B1 T02_B1 T03_B1 T04_B1 T06_B1 T07_B1 T08_B1 T09_B1 T10_B1 T11_B1 T12_B1 T15_B1
cell_a5cbb1c2c469,T00_B1 T03_B1 T07_B1 T09_B1 T12_B1 T15_B1
cell_a5dba09157f9,T14_B3 T07_B1 T08_B1 T15_B1
cell_a61570c382bc,T14_B3 T01_B1 T03_B1 T07_B1 T08_B1 T15_B1
cell_a67352d30a11,T00_B1 T01_B1 T02_B1 T03_B1 T04_B1 T05_B1 T07_B1 T08_B1 T09_B1 T11_B1 T12_B1 T15_B1
cell_a6993b892075,T06_B2 T00_B1 T01_B1 T02_B1 T03_B1 T04_B1 T05_B1 T09_B1 T11_B1 T12_B1 T15_B1
cell_a6be53cc7af9,T00_B1 T01_B1 T02_B1 T03_B1 T04_B1 T05_B1 T07_B1 T08_B1 T10_B1 T12_B1 T15_B1
cell_a6ef5e00f636,T14_B3 T00_B1 T02_B1 T04_B1 T06_B1 T07_B1 T08_B1 T09_B1 T15_B1
cell_a6f5646a058a,T00_B1 T01_B1 T03_B1 T04_B1 T08_B1 T10_B1 T12_B1 T15_B1
cell_a74df22a6f92,T00_B1 T01_B1 T02_B1 T03_B1 T04_B1 T05_B1 T06_B1 T07_B1 T09_B1 T12_B1 T15_B1
cell_a7b86500edac,T00_B1 T01_B1 T02_B1 T03_B1 T04_B1 T06_B1 T07_B1 T08_B1 T09_B1 T10_B1 T11_B1 T12_B1 T14_B1 T15_B1
cell_a7db83244746,T00_B1 T01_B1 T02_B1 T03_B1 T04_B1 T07_B1 T15_B1
cell_a8184ba35261,T06_B3 T13_B2 T00_B1 T01_B1 T02_B1 T03_B1 T04_B1 T05_B1 T07_B1 T09_B1 T11_B1 T12_B1
cell_a8497bedda56,NONE
cell_a8babc3b35a5,T01_B1 T02_B1 T03_B1 T04_B1 T05_B1 T06_B1 T07_B1 T08_B1 T11_B1 T12_B1 T15_B1
cell_a8d96601f59e,T01_B1 T02_B1 T03_B1 T04_B1 T05_B1 T07_B1 T11_B1 T12_B1 T15_B1
cell_a8e349e45d59,T14_B3 T00_B1 T02_B1 T03_B1 T04_B1 T06_B1 T07_B1 T08_B1 T09_B1 T10_B1 T11_B1 T12_B1 T15_B1
cell_a9c063ffc05a,T01_B1 T03_B1 T04_B1 T06_B1 T07_B1 T12_B1 T15_B1
cell_a9cc729fb613,T06_B3 T00_B1 T01_B1 T02_B1 T03_B1 T04_B1 T05_B1 T07_B1 T08_B1 T09_B1 T11_B1 T12_B1 T15_B1
cell_aa55999fbdee,T01_B1 T04_B1 T06_B1 T07_B1 T09_B1 T10_B1 T12_B1 T14_B1 T15_B1
cell_aad236ac58c5,T13_B3 T00_B1 T01_B1 T02_B1 T03_B1 T04_B1 T05_B1 T06_B1 T07_B1 T08_B1 T10_B1 T11_B1 T12_B1 T15_B1
cell_ab9c2ea5c2d5,T01_B1 T02_B1 T03_B1 T04_B1 T05_B1 T06_B1 T07_B1 T08_B1 T09_B1 T11_B1 T12_B1 T15_B1
cell_abdadbaee4fa,T14_B3 T00_B1 T04_B1 T06_B1 T07_B1 T08_B1 T10_B1 T11_B1 T15_B1
cell_ac92c389c758,T12_B2 T00_B1 T01_B1 T02_B1 T03_B1 T04_B1 T05_B1 T06_B1 T07_B1 T08_B1 T09_B1 T10_B1 T11_B1 T14_B1 T15_B1
cell_ad1dac9e298b,T00_B1 T01_B1 T02_B1 T03_B1 T04_B1 T05_B1 T06_B1 T07_B1 T09_B1 T11_B1 T12_B1 T15_B1
cell_ad66d8dbcc11,T13_B3 T01_B1 T02_B1 T03_B1 T04_B1 T07_B1 T10_B1 T12_B1 T15_B1
cell_ad8c039a2fa3,T14_B3 T06_B2 T00_B1 T01_B1 T02_B1 T03_B1 T04_B1 T07_B1 T08_B1 T09_B1 T10_B1 T11_B1 T12_B1 T15_B1
cell_adf40465fb03,T14_B1
cell_ae26369ef9d4,T13_B3 T00_B1 T01_B1 T02_B1 T03_B1 T04_B1 T05_B1 T07_B1 T09_B1 T10_B1 T11_B1 T12_B1 T15_B1
cell_ae92bdf1005b,T14_B3 T00_B1 T01_B1 T02_B1 T04_B1 T06_B1 T07_B1 T08_B1 T10_B1 T11_B1 T12_B1 T15_B1
cell_aea386213067,T14_B3 T00_B1 T07_B1 T08_B1 T15_B1
cell_aed0b134943e,T14_B3 T01_B1 T04_B1 T07_B1 T08_B1 T10_B1 T11_B1 T12_B1 T15_B1
cell_af19d35dc611,T12_B3 T13_B3 T00_B1 T01_B1 T02_B1 T03_B1 T04_B1 T05_B1 T06_B1 T07_B1 T08_B1 T11_B1 T15_B1
cell_afd6ffcb6b16,T13_B3 T01_B1 T03_B1 T04_B1 T07_B1 T08_B1 T12_B1 T15_B1
cell_b03e8dce128f,T14_B3 T00_B1 T02_B1 T04_B1 T06_B1 T07_B1 T08_B1 T10_B1 T11_B1 T12_B1 T15_B1
cell_b045770424aa,T14_B3 T00_B1 T03_B1 T07_B1 T08_B1 T10_B1 T11_B1 T12_B1 T15_B1
cell_b123069df723,T14_B3 T00_B1 T02_B1 T03_B1 T04_B1 T06_B1 T07_B1 T08_B1 T09_B1 T10_B1 T11_B1 T12_B1 T15_B1
cell_b129c29bbc15,T13_B2 T01_B1 T02_B1 T03_B1 T04_B1 T05_B1 T07_B1 T09_B1 T10_B1 T12_B1
cell_b167404e3bc4,T05_B2 T00_B1 T01_B1 T02_B1 T03_B1 T04_B1 T06_B1 T07_B1 T08_B1 T09_B1 T11_B1 T12_B1 T15_B1
cell_b1953c8bd0d8,T01_B1 T03_B1 T04_B1 T07_B1 T08_B1 T10_B1 T12_B1 T13_B1 T15_B1
cell_b1afc90fc144,T13_B3 T00_B1 T01_B1 T02_B1 T03_B1 T04_B1 T05_B1 T06_B1 T07_B1 T08_B1 T09_B1 T10_B1 T11_B1 T12_B1 T15_B1
cell_b1ed0ec82325,T05_B2 T01_B1 T03_B1 T04_B1 T07_B1 T12_B1 T15_B1
cell_b25fbf8e5373,T01_B1 T04_B1 T08_B1 T12_B1 T15_B1
cell_b29a832a7ef0,T13_B3 T00_B1 T01_B1 T03_B1 T06_B1 T07_B1 T09_B1 T12_B1 T15_B1
cell_b2a724b8b64b,T00_B1 T01_B1 T02_B1 T03_B1 T04_B1 T05_B1 T06_B1 T07_B1 T09_B1 T10_B1 T11_B1 T12_B1 T14_B1 T15_B1
cell_b32e7b636522,T01_B1 T02_B1 T03_B1 T04_B1 T05_B1 T07_B1 T09_B1 T12_B1
cell_b3ea589eedcb,T01_B1 T03_B1 T04_B1 T08_B1 T15_B1
cell_b4a3785da300,T01_B1 T03_B1 T04_B1 T07_B1 T08_B1 T12_B1 T15_B1
cell_b5a47b60446f,T13_B2 T01_B1 T02_B1 T03_B1 T06_B1 T07_B1 T09_B1 T10_B1 T12_B1
cell_b5c199662e8a,T05_B2 T00_B1 T01_B1 T02_B1 T03_B1 T04_B1 T06_B1 T07_B1 T09_B1 T10_B1 T11_B1 T12_B1 T15_B1
cell_b620662388f7,T14_B3 T00_B1 T01_B1 T02_B1 T03_B1 T04_B1 T05_B1 T06_B1 T07_B1 T08_B1 T09_B1 T10_B1 T11_B1 T12_B1 T15_B1
cell_b66d0902cd85,T01_B1 T03_B1 T04_B1 T07_B1 T08_B1 T12_B1 T15_B1
cell_b68cbe6bbf5a,T14_B3 T00_B1 T01_B1 T02_B1 T04_B1 T06_B1 T07_B1 T08_B1 T10_B1 T11_B1 T12_B1 T15_B1
cell_b6ca77adba07,T14_B3 T00_B1 T02_B1 T04_B1 T06_B1 T07_B1 T09_B1 T10_B1 T11_B1 T12_B1 T15_B1
cell_b6e895e97d2e,NONE
cell_b728cb9e9553,T00_B1 T01_B1 T02_B1 T03_B1 T04_B1 T05_B1 T06_B1 T07_B1 T08_B1 T09_B1 T11_B1 T12_B1 T15_B1
cell_b7cfbb5e1968,T13_B3 T06_B2 T00_B1 T01_B1 T02_B1 T03_B1 T04_B1 T05_B1 T07_B1 T08_B1 T09_B1 T10_B1 T11_B1 T12_B1 T15_B1
cell_b831b478783b,T13_B2 T00_B1 T01_B1 T02_B1 T03_B1 T04_B1 T05_B1 T07_B1 T10_B1 T12_B1
cell_b86a33e9714d,T14_B2 T03_B1 T04_B1 T07_B1 T08_B1 T09_B1 T10_B1 T11_B1 T12_B1 T15_B1
cell_b8e8dbcfbf61,T00_B1 T01_B1 T02_B1 T03_B1 T04_B1 T05_B1 T06_B1 T07_B1 T08_B1 T09_B1 T10_B1 T12_B1 T13_B1 T15_B1
cell_b9a9a90eb944,T00_B1 T01_B1 T02_B1 T03_B1 T04_B1 T07_B1 T12_B1 T15_B1
cell_b9be1d3c2562,T06_B3 T12_B3 T13_B2 T03_B1 T04_B1 T05_B1
cell_ba80e91235a8,T00_B1 T01_B1 T03_B1 T04_B1 T05_B1 T12_B1 T15_B1
cell_bad698474b78,T01_B1 T03_B1 T04_B1 T07_B1 T08_B1 T09_B1 T10_B1 T14_B1 T15_B1
cell_baff578cd5c5,T00_B1 T01_B1 T02_B1 T03_B1 T04_B1 T05_B1 T07_B1 T09_B1 T12_B1 T15_B1
cell_bbcb0ce212dc,T13_B3 T00_B1 T01_B1 T02_B1 T03_B1 T04_B1 T05_B1 T06_B1 T07_B1 T10_B1 T12_B1 T15_B1
cell_bc34fd743278,T14_B3 T02_B1 T03_B1 T04_B1 T06_B1 T07_B1 T08_B1 T10_B1 T11_B1 T12_B1 T15_B1
cell_bd04409c68ed,T00_B1 T01_B1 T03_B1 T04_B1 T07_B1 T08_B1 T10_B1 T11_B1 T12_B1 T13_B1 T15_B1
cell_bd3de1d50d41,T00_B1 T01_B1 T03_B1 T04_B1 T06_B1 T07_B1 T09_B1 T10_B1 T11_B1 T12_B1 T14_B1 T15_B1
cell_bdf91b0633cc,T14_B2 T02_B1 T03_B1 T04_B1 T06_B1 T07_B1 T08_B1 T09_B1 T10_B1 T15_B1
cell_be06da786f9e,T14_B3 T01_B1 T02_B1 T03_B1 T04_B1 T06_B1 T07_B1 T08_B1 T09_B1 T10_B1 T11_B1 T12_B1 T15_B1
cell_be7202c53254,T06_B3 T13_B3 T02_B1 T03_B1 T07_B1 T15_B1
cell_be76671d1d00,T14_B3 T00_B1 T01_B1 T02_B1 T03_B1 T04_B1 T06_B1 T07_B1 T08_B1 T09_B1 T10_B1 T11_B1 T15_B1
cell_be7dc588b3f8,T14_B3 T01_B1 T04_B1 T07_B1 T08_B1 T12_B1 T15_B1
cell_bf22e4041bbd,T14_B3 T04_B1 T06_B1 T07_B1 T08_B1 T09_B1 T10_B1 T11_B1 T12_B1 T15_B1
cell_bf278dbc1129,T00_B1 T01_B1 T02_B1 T03_B1 T04_B1 T05_B1 T06_B1 T07_B1 T09_B1 T12_B1 T15_B1
cell_bf36695032e6,T00_B1 T03_B1 T04_B1 T05_B1 T07_B1 T08_B1 T12_B1 T15_B1
cell_bf5abedb7bb4,T00_B1 T01_B1 T02_B1 T03_B1 T04_B1 T05_B1 T07_B1 T09_B1 T12_B1 T15_B1
cell_bf7783189df4,T03_B1 T04_B1 T07_B1 T12_B1
cell_bfa774c1fff0,T13_B3 T00_B1 T01_B1 T02_B1 T03_B1 T04_B1 T05_B1 T06_B1 T07_B1 T09_B1 T11_B1 T12_B1 T15_B1
cell_bfb7328d7f51,T01_B1 T03_B1 T04_B1 T07_B1 T09_B1 T10_B1 T12_B1 T13_B1
cell_bfca60e8d4eb,T13_B3 T00_B1 T01_B1 T02_B1 T03_B1 T04_B1 T05_B1 T06_B1 T07_B1 T08_B1 T09_B1 T10_B1 T11_B1 T12_B1 T15_B1
cell_bfcbda65d153,T13_B2 T00_B1 T01_B1 T03_B1 T04_B1 T07_B1 T09_B1 T10_B1 T11_B1 T12_B1 T15_B1
cell_bfd36683d507,T00_B1 T02_B1 T06_B1 T07_B1 T08_B1 T09_B1 T11_B1 T12_B1 T15_B1
cell_bff0e44c1a20,T00_B1 T01_B1 T03_B1 T04_B1 T08_B1 T15_B1
cell_c0fd0ae185ab,T12_B3 T13_B3 T01_B1 T02_B1 T03_B1 T04_B1 T05_B1 T07_B1 T08_B1 T09_B1 T11_B1 T15_B1
cell_c17ab0c0546a,T06_B2 T00_B1 T01_B1 T02_B1 T03_B1 T04_B1 T05_B1 T07_B1 T08_B1 T09_B1 T11_B1 T12_B1 T15_B1
cell_c1dac4d25888,T00_B1 T01_B1 T02_B1 T03_B1 T04_B1 T05_B1 T06_B1 T07_B1 T08_B1 T09_B1 T11_B1 T12_B1 T13_B1 T15_B1
cell_c2273e313d13,T14_B3 T00_B1 T02_B1 T04_B1 T06_B1 T07_B1 T08_B1 T09_B1 T10_B1 T11_B1 T12_B1 T15_B1
cell_c2379b023f04,NONE
cell_c248a353ffe3,T05_B2 T00_B1 T01_B1 T02_B1 T03_B1 T04_B1 T07_B1 T09_B1 T12_B1
cell_c263e2db6f83,T01_B1 T03_B1 T07_B1 T12_B1
cell_c2dcf7453a8f,T14_B2 T07_B1 T10_B1 T15_B1
cell_c301b7173653,T02_B1 T04_B1 T07_B1 T09_B1 T12_B1
cell_c3bd371d3ff2,T03_B1 T05_B1 T06_B1 T07_B1 T09_B1 T11_B1 T12_B1 T14_B1 T15_B1
cell_c3dd1d038d65,T00_B1 T01_B1 T02_B1 T03_B1 T05_B1 T06_B1 T07_B1 T08_B1 T09_B1 T10_B1 T11_B1 T12_B1 T15_B1
cell_c45b6a36bdd3,T06_B3 T13_B2 T00_B1 T01_B1 T03_B1 T04_B1 T05_B1 T07_B1 T09_B1 T12_B1 T15_B1
cell_c4797252722b,T13_B3 T01_B1 T02_B1 T03_B1 T06_B1 T07_B1 T08_B1 T09_B1 T10_B1 T11_B1 T12_B1 T15_B1
cell_c501bdeb7e7d,T00_B1 T03_B1 T07_B1 T09_B1 T12_B1
cell_c572cd2e38d7,T00_B1 T01_B1 T03_B1 T04_B1 T08_B1 T15_B1
cell_c5cc5860c4d7,T05_B2 T00_B1 T01_B1 T02_B1 T03_B1 T04_B1 T07_B1 T09_B1 T10_B1 T11_B1 T12_B1 T15_B1
cell_c5d2bd179406,T01_B1 T03_B1 T04_B1 T08_B1 T15_B1
cell_c5e526bdd116,T13_B3 T00_B1 T01_B1 T03_B1 T04_B1 T06_B1 T07_B1 T09_B1 T12_B1 T15_B1
cell_c61192095d0e,T00_B1 T01_B1 T02_B1 T03_B1 T04_B1 T05_B1 T06_B1 T07_B1 T08_B1 T10_B1 T11_B1 T12_B1 T15_B1
cell_c620665565b1,T13_B3 T05_B2 T00_B1 T01_B1 T02_B1 T03_B1 T04_B1 T06_B1 T07_B1 T09_B1 T10_B1 T11_B1 T12_B1 T15_B1
cell_c65723577fad,T14_B3 T07_B1 T10_B1 T11_B1 T15_B1
cell_c72de1db08df,T00_B1 T01_B1 T03_B1 T04_B1 T05_B1 T06_B1 T07_B1 T08_B1 T09_B1 T12_B1 T15_B1
cell_c74253c69205,T13_B3 T00_B1 T01_B1 T02_B1 T03_B1 T04_B1 T05_B1 T07_B1 T08_B1 T10_B1 T12_B1 T15_B1
cell_c74e32a8f344,T01_B1 T03_B1 T04_B1 T07_B1 T09_B1 T10_B1 T12_B1 T13_B1
cell_c75ad9c98d10,T00_B1 T01_B1 T02_B1 T03_B1 T04_B1 T05_B1 T06_B1 T07_B1 T09_B1 T11_B1 T12_B1 T15_B1
cell_c761ffe24013,T14_B2 T00_B1 T02_B1 T04_B1 T07_B1 T08_B1 T09_B1 T10_B1 T11_B1 T15_B1
cell_c7a8d6d8f8cf,T00_B1 T01_B1 T02_B1 T03_B1 T04_B1 T05_B1 T06_B1 T07_B1 T08_B1 T09_B1 T10_B1 T12_B1 T13_B1 T15_B1
cell_c7e09c64e788,T01_B1 T03_B1 T12_B1 T15_B1
cell_c80adc134d48,T01_B1 T03_B1 T04_B1 T07_B1 T12_B1 T15_B1
cell_c998485f8fbe,T00_B1 T01_B1 T02_B1 T03_B1 T04_B1 T05_B1 T06_B1 T07_B1 T08_B1 T11_B1 T12_B1 T15_B1
cell_c9ae8fa72097,T00_B1 T01_B1 T02_B1 T03_B1 T04_B1 T05_B1 T06_B1 T07_B1 T08_B1 T09_B1 T12_B1 T15_B1
cell_ca3240d73d70,T14_B3 T03_B1 T04_B1 T06_B1 T07_B1 T08_B1 T10_B1 T15_B1
cell_cae44f06e6d3,T14_B3 T00_B1 T02_B1 T03_B1 T04_B1 T06_B1 T07_B1 T08_B1 T09_B1 T11_B1 T15_B1
cell_cae8bb5292ac,NONE
cell_cb5021434873,T00_B1 T01_B1 T03_B1 T04_B1 T07_B1 T08_B1 T09_B1
cell_cc4ba1622d86,T00_B1 T01_B1 T02_B1 T03_B1 T04_B1 T05_B1 T07_B1 T08_B1 T11_B1 T12_B1 T15_B1
cell_cc4dacaa541f,T05_B3 T13_B2 T00_B1 T01_B1 T02_B1 T03_B1 T04_B1 T07_B1 T09_B1 T10_B1 T12_B1
cell_cd0d85c9e589,T05_B2 T01_B1 T02_B1 T03_B1 T04_B1 T07_B1 T09_B1 T11_B1 T12_B1 T15_B1
cell_cd32c66a3079,T13_B3 T06_B2 T00_B1 T01_B1 T02_B1 T03_B1 T04_B1 T05_B1 T07_B1 T09_B1 T10_B1 T11_B1 T12_B1 T15_B1
cell_cd3fa7990e38,T00_B1 T03_B1 T07_B1 T08_B1 T09_B1 T11_B1 T14_B1 T15_B1
cell_ce1c91d7bf87,T12_B2 T13_B2 T00_B1 T01_B1 T02_B1 T03_B1 T04_B1 T05_B1 T06_B1 T07_B1 T08_B1 T11_B1 T15_B1
cell_ce940cc5d15f,T13_B3 T05_B2 T06_B2 T00_B1 T01_B1 T02_B1 T03_B1 T04_B1 T07_B1 T08_B1 T12_B1 T15_B1
cell_ceb992a1d0b8,T00_B1 T01_B1 T03_B1 T04_B1 T07_B1 T08_B1 T09_B1 T11_B1 T12_B1 T15_B1
cell_cee7cd391a5d,T06_B3 T00_B1 T01_B1 T02_B1 T03_B1 T04_B1 T05_B1 T07_B1 T09_B1 T12_B1
cell_cee9d83a8dcf,T13_B2 T00_B1 T01_B1 T03_B1 T04_B1 T05_B1 T07_B1 T08_B1 T09_B1 T10_B1 T11_B1 T12_B1 T15_B1
cell_cf3767b73193,T13_B3 T00_B1 T01_B1 T03_B1 T04_B1 T07_B1 T09_B1 T10_B1 T12_B1 T15_B1
cell_cf440ba3340c,T12_B2 T13_B2 T00_B1 T01_B1 T02_B1 T03_B1 T04_B1 T05_B1 T06_B1 T07_B1 T08_B1 T10_B1 T11_B1 T15_B1
cell_cf470182f3d6,T14_B3 T04_B1 T06_B1 T07_B1 T10_B1 T11_B1 T12_B1 T15_B1
cell_cf66d6f08aa7,T05_B2 T00_B1 T01_B1 T03_B1 T04_B1 T07_B1 T08_B1 T12_B1
cell_cf6e72e8249a,T00_B1 T02_B1 T03_B1 T04_B1 T05_B1 T07_B1 T08_B1 T09_B1 T11_B1 T12_B1 T15_B1
cell_cf941e2fe6c8,NONE
cell_cfa03811d581,T12_B3 T00_B1 T01_B1 T02_B1 T03_B1 T04_B1 T05_B1 T06_B1 T07_B1 T09_B1 T15_B1
cell_d04e75f311c3,T14_B3 T00_B1 T02_B1 T03_B1 T04_B1 T06_B1 T07_B1 T08_B1 T09_B1 T10_B1 T11_B1 T12_B1 T15_B1
cell_d0e3400fb6d0,T14_B2 T03_B1 T04_B1 T07_B1 T08_B1 T10_B1 T15_B1
cell_d0f788dc1b6c,T05_B2 T00_B1 T01_B1 T02_B1 T03_B1 T04_B1 T06_B1 T07_B1 T10_B1 T11_B1 T12_B1
cell_d0f999b53bfe,T13_B3 T00_B1 T01_B1 T02_B1 T03_B1 T04_B1 T05_B1 T06_B1 T07_B1 T08_B1 T09_B1 T10_B1 T11_B1 T12_B1 T15_B1
cell_d1135ce8277b,T00_B1 T01_B1 T03_B1 T05_B1 T06_B1 T07_B1 T08_B1 T09_B1 T11_B1 T12_B1 T13_B1
cell_d2120db6e066,T12_B2 T00_B1 T01_B1 T03_B1 T04_B1 T07_B1 T09_B1 T15_B1
cell_d23c1caf0f8d,T01_B1 T03_B1 T04_B1 T07_B1 T12_B1
cell_d2a4e8b0c949,T05_B2 T06_B2 T12_B2 T00_B1 T01_B1 T02_B1 T03_B1 T04_B1 T07_B1 T09_B1 T11_B1 T15_B1
cell_d3060db3164f,T00_B1 T01_B1 T02_B1 T03_B1 T04_B1 T10_B1 T12_B1 T15_B1
cell_d3a3d7db97b3,T14_B3 T00_B1 T01_B1 T02_B1 T03_B1 T04_B1 T06_B1 T07_B1 T08_B1 T09_B1 T10_B1 T11_B1 T12_B1 T15_B1
cell_d3c66cc74e4c,T00_B1 T01_B1 T02_B1 T03_B1 T04_B1 T05_B1 T07_B1 T08_B1 T09_B1 T10_B1 T11_B1 T12_B1 T13_B1 T15_B1
cell_d406f4130f04,T14_B3 T00_B1 T01_B1 T02_B1 T03_B1 T04_B1 T07_B1 T09_B1 T10_B1 T11_B1 T12_B1 T15_B1
cell_d418e9b5824a,T14_B2 T00_B1 T01_B1 T02_B1 T03_B1 T04_B1 T05_B1 T06_B1 T07_B1 T08_B1 T10_B1 T11_B1 T12_B1 T15_B1
cell_d480a4fce0d5,T00_B1 T01_B1 T03_B1 T04_B1 T07_B1 T12_B1
cell_d503ba7b4f3c,T00_B1 T03_B1 T04_B1 T06_B1 T07_B1 T09_B1 T14_B1 T15_B1
cell_d51075bca2fb,T13_B2 T00_B1 T01_B1 T02_B1 T03_B1 T04_B1 T06_B1 T07_B1 T11_B1 T12_B1 T15_B1
cell_d5109bb87cd1,T01_B1 T03_B1 T04_B1 T07_B1 T09_B1 T12_B1
cell_d55ccd8985f7,T12_B2 T00_B1 T01_B1 T03_B1 T04_B1 T06_B1 T07_B1 T08_B1 T13_B1 T15_B1
cell_d5905d3b53aa,T14_B3 T00_B1 T01_B1 T02_B1 T04_B1 T06_B1 T07_B1 T08_B1 T09_B1 T10_B1 T11_B1 T12_B1 T15_B1
cell_d59a9ea737bd,T14_B3 T01_B1 T03_B1 T06_B1 T07_B1 T08_B1 T09_B1 T11_B1 T12_B1 T15_B1
cell_d5d512a03968,T06_B2 T00_B1 T01_B1 T02_B1 T03_B1 T04_B1 T07_B1 T09_B1 T12_B1 T15_B1
cell_d641edc87211,T00_B1 T01_B1 T03_B1 T04_B1 T05_B1 T06_B1 T07_B1 T08_B1 T10_B1 T11_B1 T12_B1 T13_B1 T15_B1
cell_d64f00193b91,T13_B3 T00_B1 T01_B1 T03_B1 T04_B1 T05_B1 T06_B1 T07_B1 T08_B1 T09_B1 T10_B1 T12_B1 T15_B1
cell_d6a06b4f8c21,T00_B1 T01_B1 T02_B1 T03_B1 T04_B1 T05_B1 T06_B1 T07_B1 T09_B1 T11_B1 T12_B1 T15_B1
cell_d6a70cc19b3a,T00_B1 T01_B1 T02_B1 T03_B1 T04_B1 T06_B1 T07_B1 T08_B1 T09_B1 T10_B1 T11_B1 T12_B1 T14_B1 T15_B1
cell_d76c94ffd5c7,T00_B1 T01_B1 T02_B1 T03_B1 T04_B1 T05_B1 T06_B1 T07_B1 T08_B1 T09_B1 T10_B1 T11_B1 T12_B1 T13_B1 T15_B1
cell_d7a3fdd6509c,T13_B3 T01_B1 T02_B1 T03_B1 T04_B1 T06_B1 T07_B1 T10_B1 T12_B1 T15_B1
cell_d7c127bad6b7,T00_B1 T01_B1 T03_B1 T04_B1 T06_B1 T07_B1 T09_B1 T11_B1 T12_B1 T15_B1
cell_d7cad306cf67,T13_B3 T05_B2 T00_B1 T01_B1 T03_B1 T04_B1 T06_B1 T07_B1 T08_B1 T09_B1 T10_B1 T12_B1 T15_B1
cell_d7cd964c2adc,T05_B3 T12_B2 T00_B1 T01_B1 T02_B1 T03_B1 T04_B1 T06_B1 T07_B1 T09_B1 T10_B1 T11_B1 T13_B1
cell_d81e0dccac38,T14_B1
cell_d88a26d0e6df,T00_B1 T01_B1 T02_B1 T03_B1 T04_B1 T05_B1 T06_B1 T07_B1 T08_B1 T09_B1 T10_B1 T11_B1 T12_B1 T14_B1 T15_B1
cell_d8c61e5d5b66,T14_B3 T00_B1 T01_B1 T02_B1 T03_B1 T04_B1 T06_B1 T07_B1 T08_B1 T09_B1 T10_B1 T11_B1 T12_B1 T15_B1
cell_d8cc06804924,T01_B1 T02_B1 T03_B1 T06_B1 T07_B1 T08_B1 T09_B1 T10_B1 T11_B1 T12_B1 T13_B1 T14_B1 T15_B1
cell_d8f8b7e60ff5,T13_B2 T01_B1 T02_B1 T03_B1 T04_B1 T07_B1 T08_B1 T10_B1 T12_B1
cell_d920b85d12f0,T14_B2 T00_B1 T01_B1 T02_B1 T03_B1 T04_B1 T06_B1 T07_B1 T08_B1 T09_B1 T10_B1 T11_B1 T12_B1 T15_B1
cell_d9402407fe94,T13_B3 T00_B1 T01_B1 T02_B1 T03_B1 T04_B1 T05_B1 T06_B1 T07_B1 T08_B1 T11_B1 T12_B1 T15_B1
cell_d99923c5c6a3,T13_B3 T06_B2 T00_B1 T01_B1 T02_B1 T03_B1 T04_B1 T05_B1 T07_B1 T09_B1 T10_B1 T11_B1 T12_B1 T15_B1
cell_d9e74659ed0e,T06_B3 T00_B1 T01_B1 T02_B1 T03_B1 T04_B1 T05_B1 T07_B1 T09_B1 T12_B1 T15_B1
cell_da09a59f4ba2,T00_B1 T01_B1 T03_B1 T04_B1 T07_B1 T12_B1
cell_da18bcb10ab7,T13_B2 T00_B1 T01_B1 T03_B1 T04_B1 T07_B1 T09_B1 T15_B1
cell_da676a4e7d01,T00_B1 T01_B1 T03_B1 T04_B1 T07_B1 T12_B1 T15_B1
cell_da71f8e129b7,T00_B1 T01_B1 T03_B1 T04_B1 T05_B1 T06_B1 T07_B1 T08_B1 T12_B1 T15_B1
cell_db0cb6903303,T02_B1 T04_B1 T07_B1 T08_B1 T09_B1 T11_B1 T14_B1 T15_B1
cell_db0ff4d2d05a,T12_B3 T00_B1 T01_B1 T02_B1 T03_B1 T04_B1 T05_B1 T06_B1 T07_B1 T08_B1 T09_B1 T10_B1 T11_B1 T15_B1
cell_db11cdcb62e7,T00_B1 T01_B1 T02_B1 T03_B1 T04_B1 T06_B1 T07_B1 T08_B1 T09_B1 T10_B1 T11_B1 T12_B1 T14_B1 T15_B1
cell_dba56f5d400d,T13_B2 T00_B1 T01_B1 T02_B1 T03_B1 T04_B1 T05_B1 T06_B1 T07_B1 T08_B1 T10_B1 T11_B1 T12_B1 T15_B1
cell_dbe87d9df4b9,T12_B3 T06_B2 T00_B1 T01_B1 T02_B1 T03_B1 T04_B1 T05_B1 T07_B1 T11_B1 T15_B1
cell_dbf6d88281c2,T00_B1 T01_B1 T02_B1 T03_B1 T04_B1 T05_B1 T06_B1 T07_B1 T09_B1 T12_B1 T15_B1
cell_dc123ce645d6,T14_B3 T01_B1 T02_B1 T04_B1 T06_B1 T07_B1 T08_B1 T10_B1 T11_B1 T12_B1 T15_B1
cell_dc28d1490199,T14_B3 T06_B1 T07_B1 T08_B1 T15_B1
cell_dcaf46d55f37,T00_B1 T01_B1 T02_B1 T03_B1 T04_B1 T05_B1 T07_B1 T08_B1 T10_B1 T11_B1 T12_B1 T15_B1
cell_dd0f44701191,T13_B3 T00_B1 T01_B1 T02_B1 T03_B1 T04_B1 T05_B1 T06_B1 T07_B1 T09_B1 T11_B1 T12_B1 T15_B1
cell_dd30fc02248f,T00_B1 T03_B1 T04_B1 T15_B1
cell_dda25419b14d,T14_B3 T03_B1 T04_B1 T06_B1 T07_B1 T08_B1 T09_B1 T10_B1 T11_B1 T12_B1 T15_B1
cell_de335f44ad4f,T05_B3 T00_B1 T01_B1 T03_B1 T04_B1 T07_B1 T08_B1 T11_B1 T12_B1 T15_B1
cell_de460a8d629f,T00_B1 T01_B1 T03_B1 T04_B1 T05_B1 T07_B1 T12_B1 T15_B1
cell_df04464fd2f4,T07_B1 T12_B1 T13_B1
cell_df07fd22b7ac,T12_B2 T00_B1 T01_B1 T03_B1 T04_B1 T05_B1 T07_B1 T08_B1 T15_B1
cell_df619422eb7a,T00_B1 T01_B1 T02_B1 T03_B1 T04_B1 T05_B1 T06_B1 T07_B1 T09_B1 T11_B1 T12_B1 T15_B1
cell_dfd7aa160f42,T00_B1 T01_B1 T03_B1 T04_B1 T08_B1 T10_B1 T12_B1 T15_B1
cell_dfe4829470b3,T03_B1 T07_B1 T09_B1 T15_B1
cell_dfe50d0fa61d,T01_B1 T03_B1 T06_B1 T07_B1 T08_B1 T09_B1 T15_B1
cell_e007a4eab5bb,T14_B2 T04_B1 T07_B1 T15_B1
cell_e070d030d3ee,T14_B3 T02_B1 T04_B1 T07_B1 T08_B1 T10_B1 T11_B1 T12_B1 T15_B1
cell_e0a03cd553cc,T13_B3 T00_B1 T01_B1 T02_B1 T03_B1 T04_B1 T06_B1 T07_B1 T08_B1 T09_B1 T10_B1 T11_B1 T12_B1 T15_B1
cell_e0c19a750653,T00_B1 T01_B1 T02_B1 T03_B1 T04_B1 T05_B1 T06_B1 T07_B1 T08_B1 T09_B1 T10_B1 T11_B1 T12_B1 T15_B1
cell_e0cf4de7c6a2,T05_B3 T00_B1 T01_B1 T03_B1 T04_B1 T07_B1 T12_B1 T15_B1
cell_e1821a941fc0,T05_B3 T12_B2 T00_B1 T03_B1 T04_B1 T07_B1
cell_e1d7a38b7bb0,T07_B1 T10_B1 T14_B1 T15_B1
cell_e20adb160dfb,T13_B2 T00_B1 T01_B1 T04_B1 T07_B1 T15_B1
cell_e214e8cd5589,T00_B1 T01_B1 T02_B1 T03_B1 T05_B1 T06_B1 T07_B1 T08_B1 T09_B1 T12_B1
cell_e239a246b30f,T13_B3 T00_B1 T01_B1 T02_B1 T03_B1 T04_B1 T05_B1 T06_B1 T07_B1 T08_B1 T09_B1 T10_B1 T11_B1 T12_B1 T15_B1
cell_e2b012e96ec3,T14_B2 T00_B1 T01_B1 T02_B1 T03_B1 T04_B1 T06_B1 T07_B1 T08_B1 T09_B1 T10_B1 T11_B1 T12_B1 T15_B1
cell_e2bb287e1125,T06_B2 T00_B1 T01_B1 T03_B1 T04_B1 T05_B1 T07_B1 T09_B1 T10_B1 T11_B1 T12_B1 T15_B1
cell_e31e8630deea,T13_B3 T00_B1 T01_B1 T02_B1 T03_B1 T04_B1 T05_B1 T06_B1 T07_B1 T09_B1 T11_B1 T12_B1 T15_B1
cell_e364fa841e46,T01_B1 T04_B1 T07_B1 T09_B1 T13_B1
cell_e37d05d26e69,T14_B3 T00_B1 T01_B1 T02_B1 T03_B1 T04_B1 T06_B1 T07_B1 T08_B1 T09_B1 T10_B1 T12_B1 T15_B1
cell_e415d0852997,T14_B3 T00_B1 T01_B1 T02_B1 T04_B1 T06_B1 T07_B1 T08_B1 T10_B1 T11_B1 T12_B1 T15_B1
cell_e4436e99b7e9,T13_B3 T01_B1 T02_B1 T03_B1 T04_B1 T05_B1 T06_B1 T07_B1 T08_B1 T09_B1 T10_B1 T11_B1 T12_B1 T15_B1
cell_e48c39c85d63,T05_B2 T06_B2 T00_B1 T01_B1 T02_B1 T03_B1 T04_B1 T07_B1 T08_B1 T09_B1 T10_B1 T11_B1 T12_B1 T15_B1
cell_e4eeff897088,T06_B2 T12_B2 T00_B1 T01_B1 T02_B1 T03_B1 T04_B1 T05_B1 T07_B1 T09_B1 T11_B1 T15_B1
cell_e52fdce45ab1,T13_B2 T03_B1 T06_B1 T07_B1 T09_B1 T11_B1 T12_B1
cell_e54b56244bfe,T00_B1 T01_B1 T02_B1 T03_B1 T04_B1 T07_B1 T08_B1 T12_B1 T15_B1
cell_e5a88117f737,T03_B1 T04_B1 T05_B1 T07_B1 T12_B1
cell_e5a8a2d6dc66,T00_B1 T01_B1 T02_B1 T03_B1 T04_B1 T05_B1 T06_B1 T07_B1 T08_B1 T09_B1 T11_B1 T12_B1 T14_B1 T15_B1
cell_e5c11d142546,T13_B2 T01_B1 T02_B1 T03_B1 T04_B1 T05_B1 T06_B1 T07_B1 T09_B1 T10_B1 T11_B1 T12_B1 T15_B1
cell_e60ced03384c,T13_B3 T00_B1 T01_B1 T02_B1 T03_B1 T04_B1 T05_B1 T06_B1 T07_B1 T08_B1 T09_B1 T12_B1 T15_B1
cell_e61c00048b3a,T01_B1 T02_B1 T04_B1 T07_B1 T08_B1 T09_B1 T10_B1 T11_B1 T12_B1 T14_B1 T15_B1
cell_e6292fd9dd5a,T05_B3 T13_B3 T00_B1 T01_B1 T02_B1 T03_B1 T04_B1 T06_B1 T07_B1 T09_B1 T10_B1 T12_B1 T15_B1
cell_e632b28eae23,T14_B3 T00_B1 T02_B1 T03_B1 T04_B1 T06_B1 T07_B1 T08_B1 T09_B1 T10_B1 T11_B1 T12_B1 T15_B1
cell_e66603083ddc,T13_B3 T00_B1 T01_B1 T03_B1 T04_B1 T05_B1 T07_B1 T08_B1 T10_B1 T15_B1
cell_e6d496103c5d,T05_B2 T06_B2 T12_B2 T00_B1 T01_B1 T02_B1 T03_B1 T04_B1 T07_B1 T08_B1 T09_B1 T11_B1 T15_B1
cell_e7c1feda249c,T01_B1 T02_B1 T03_B1 T04_B1 T05_B1 T07_B1 T12_B1 T15_B1
cell_e7d4f338c479,T14_B3 T04_B1 T06_B1 T07_B1 T15_B1
cell_e9502f69b896,T06_B3 T00_B1 T01_B1 T02_B1 T03_B1 T04_B1 T05_B1 T07_B1 T09_B1 T12_B1 T15_B1
cell_e95704f54416,T14_B2 T00_B1 T05_B1 T07_B1 T09_B1 T10_B1 T12_B1 T15_B1
cell_ea03f27b541c,T06_B2 T12_B2 T00_B1 T01_B1 T02_B1 T03_B1 T04_B1 T05_B1 T07_B1 T08_B1 T09_B1 T11_B1 T15_B1
cell_ea836b59a0d6,T00_B1 T01_B1 T03_B1 T04_B1 T05_B1 T07_B1 T08_B1 T09_B1 T12_B1 T15_B1
cell_eaa8202463b0,T06_B2 T00_B1 T01_B1 T02_B1 T03_B1 T04_B1 T05_B1 T07_B1 T08_B1 T09_B1 T10_B1 T11_B1 T12_B1 T15_B1
cell_eace93d7a50a,T00_B1 T01_B1 T03_B1 T04_B1 T06_B1 T07_B1 T08_B1 T11_B1 T12_B1 T14_B1 T15_B1
cell_eadfa1e71ba8,T14_B1 T15_B1
cell_ebdda3804d0a,T14_B3 T00_B1 T01_B1 T03_B1 T04_B1 T06_B1 T07_B1 T08_B1 T09_B1 T10_B1 T11_B1 T12_B1 T15_B1
cell_ec20bd6a47fd,T13_B3 T06_B2 T00_B1 T01_B1 T02_B1 T03_B1 T04_B1 T05_B1 T07_B1 T09_B1 T10_B1 T11_B1 T12_B1 T15_B1
cell_ec3d093ab166,T00_B1 T01_B1 T02_B1 T03_B1 T04_B1 T06_B1 T07_B1 T08_B1 T09_B1 T11_B1 T12_B1 T14_B1 T15_B1
cell_ece733067524,T14_B2 T00_B1 T01_B1 T03_B1 T04_B1 T06_B1 T07_B1 T08_B1 T10_B1 T11_B1 T15_B1
cell_ed12970d7cd9,T00_B1 T01_B1 T02_B1 T03_B1 T04_B1 T07_B1 T08_B1 T09_B1 T10_B1 T12_B1 T15_B1
cell_ed54a9567f0b,T07_B1 T14_B1 T15_B1
cell_ed5637966639,T03_B1 T04_B1 T07_B1 T08_B1 T12_B1 T14_B1 T15_B1
cell_ed7410150f96,T06_B1 T07_B1 T14_B1 T15_B1
cell_ed9309779692,T01_B1 T03_B1 T04_B1 T05_B1 T06_B1 T07_B1 T09_B1 T11_B1 T12_B1
cell_ee87a30a662b,T13_B3 T00_B1 T01_B1 T02_B1 T03_B1 T04_B1 T05_B1 T06_B1 T07_B1 T10_B1 T11_B1 T12_B1 T15_B1
cell_eed7a585af9b,T01_B1 T07_B1 T08_B1 T12_B1 T14_B1 T15_B1
cell_ef0d6cf652e7,T00_B1 T01_B1 T02_B1 T03_B1 T04_B1 T05_B1 T06_B1 T07_B1 T08_B1 T09_B1 T10_B1 T11_B1 T12_B1
cell_ef5033d37c06,T00_B1 T01_B1 T02_B1 T03_B1 T04_B1 T05_B1 T07_B1 T08_B1 T09_B1 T11_B1 T12_B1 T15_B1
cell_ef6a6ea62445,T04_B1 T15_B1
cell_efde4bce429a,T06_B2 T00_B1 T01_B1 T02_B1 T03_B1 T04_B1 T05_B1 T07_B1 T08_B1 T09_B1 T10_B1 T11_B1 T12_B1 T13_B1 T15_B1
cell_f00c5151ff12,T12_B3 T13_B3 T00_B1 T01_B1 T02_B1 T03_B1 T04_B1 T05_B1 T06_B1 T07_B1 T09_B1 T10_B1 T15_B1
cell_f020ceea7ffa,T14_B3 T04_B1 T06_B1 T07_B1 T08_B1 T10_B1 T11_B1 T12_B1 T15_B1
cell_f043b8b67e6f,T00_B1 T01_B1 T02_B1 T03_B1 T04_B1 T05_B1 T06_B1 T07_B1 T08_B1 T09_B1 T11_B1 T12_B1 T14_B1 T15_B1
cell_f07839eb6b39,T06_B2 T00_B1 T01_B1 T03_B1 T04_B1 T08_B1 T09_B1 T12_B1 T15_B1
cell_f0a413748d49,T14_B3 T00_B1 T04_B1 T07_B1 T08_B1 T10_B1 T11_B1 T12_B1 T15_B1
cell_f0f0c7e8ad83,T13_B3 T06_B2 T00_B1 T01_B1 T02_B1 T03_B1 T04_B1 T05_B1 T07_B1 T08_B1 T09_B1 T10_B1 T11_B1 T12_B1 T15_B1
cell_f146ef12c3ea,T00_B1 T01_B1 T02_B1 T03_B1 T04_B1 T05_B1 T07_B1 T12_B1 T15_B1
cell_f162112502d5,T12_B3 T13_B3 T01_B1 T03_B1 T04_B1 T05_B1 T07_B1 T09_B1 T15_B1
cell_f17b9aeb8a55,T01_B1 T03_B1 T04_B1 T12_B1 T15_B1
cell_f1f1f9eb9370,T00_B1 T01_B1 T02_B1 T03_B1 T04_B1 T06_B1 T07_B1 T08_B1 T09_B1 T10_B1 T11_B1 T12_B1 T14_B1 T15_B1
cell_f21569523369,T13_B3 T00_B1 T01_B1 T03_B1 T04_B1 T06_B1 T07_B1 T08_B1 T09_B1 T10_B1 T12_B1 T15_B1
cell_f221d6e086aa,T14_B3 T02_B1 T04_B1 T06_B1 T07_B1 T08_B1 T10_B1 T11_B1 T12_B1 T15_B1
cell_f268d3339032,T12_B3 T00_B1 T01_B1 T02_B1 T03_B1 T04_B1 T06_B1 T07_B1 T09_B1 T13_B1 T15_B1
cell_f33356e8df2f,T12_B3 T06_B2 T00_B1 T01_B1 T02_B1 T03_B1 T04_B1 T05_B1 T07_B1 T09_B1 T15_B1
cell_f338a1110eae,T14_B3 T02_B1 T03_B1 T06_B1 T07_B1 T08_B1 T09_B1 T11_B1 T12_B1 T15_B1
cell_f387c5bd922c,T01_B1 T02_B1 T03_B1 T04_B1 T05_B1 T06_B1 T07_B1 T10_B1 T11_B1 T12_B1 T15_B1
cell_f3908b9e178e,T12_B2 T00_B1 T01_B1 T02_B1 T03_B1 T04_B1 T05_B1 T06_B1 T07_B1 T08_B1 T10_B1 T11_B1 T13_B1 T15_B1
cell_f410fcf0f569,T00_B1 T01_B1 T02_B1 T03_B1 T04_B1 T05_B1 T07_B1 T08_B1 T09_B1 T10_B1 T11_B1 T12_B1 T14_B1 T15_B1
cell_f48571089480,T03_B1 T12_B1 T15_B1
cell_f4c39737205d,T00_B1 T01_B1 T02_B1 T03_B1 T04_B1 T05_B1 T06_B1 T07_B1 T08_B1 T09_B1 T10_B1 T11_B1 T12_B1 T13_B1 T14_B1 T15_B1
cell_f54351b181c9,T00_B1 T01_B1 T02_B1 T03_B1 T04_B1 T05_B1 T06_B1 T07_B1 T08_B1 T09_B1 T11_B1 T12_B1 T15_B1
cell_f5593190cbbd,T07_B1 T09_B1 T12_B1
cell_f5943073a488,T06_B2 T00_B1 T01_B1 T02_B1 T03_B1 T04_B1 T07_B1 T09_B1 T12_B1
cell_f69850b6974c,T00_B1 T01_B1 T02_B1 T03_B1 T04_B1 T05_B1 T06_B1 T07_B1 T08_B1 T09_B1 T11_B1 T12_B1 T14_B1 T15_B1
cell_f6da1fe816e3,T01_B1 T02_B1 T03_B1 T04_B1 T05_B1 T07_B1 T08_B1 T10_B1 T12_B1 T13_B1 T15_B1
cell_f7974ee53461,T13_B3 T05_B2 T00_B1 T01_B1 T02_B1 T03_B1 T04_B1 T06_B1 T07_B1 T08_B1 T09_B1 T10_B1 T11_B1 T12_B1 T15_B1
cell_f7b965497572,T01_B1 T03_B1 T04_B1 T07_B1 T09_B1 T12_B1 T13_B1 T15_B1
cell_f7dbbf2124c6,T00_B1 T01_B1 T02_B1 T03_B1 T04_B1 T05_B1 T07_B1 T12_B1
cell_f7e53267d862,T06_B3 T12_B2 T00_B1 T02_B1 T04_B1 T05_B1 T07_B1 T09_B1 T11_B1 T15_B1
cell_f7f01698040b,T05_B2 T12_B2 T00_B1 T01_B1 T02_B1 T03_B1 T04_B1 T06_B1 T07_B1 T08_B1 T09_B1 T10_B1 T11_B1 T15_B1
cell_f86a9eb51cc7,T14_B3 T00_B1 T02_B1 T03_B1 T04_B1 T06_B1 T07_B1 T08_B1 T09_B1 T10_B1 T11_B1 T12_B1 T15_B1
cell_f884907adea6,T12_B2 T00_B1 T01_B1 T02_B1 T03_B1 T04_B1 T05_B1 T06_B1 T07_B1 T08_B1 T09_B1 T10_B1 T11_B1 T15_B1
cell_f88d036bcf6d,T00_B1 T01_B1 T02_B1 T03_B1 T04_B1 T05_B1 T07_B1 T12_B1 T15_B1
cell_f8bafb72b4ec,T12_B2 T00_B1 T01_B1 T03_B1 T06_B1 T07_B1 T09_B1 T15_B1
cell_f8c689ea3dce,T06_B3 T13_B3 T00_B1 T01_B1 T02_B1 T03_B1 T05_B1 T07_B1 T08_B1 T09_B1 T12_B1 T15_B1
cell_f952c28eb6e7,T00_B1 T01_B1 T03_B1 T04_B1 T06_B1 T07_B1 T10_B1 T12_B1 T15_B1
cell_f9665eb3e9d8,T05_B3 T00_B1 T01_B1 T03_B1 T04_B1 T07_B1 T08_B1 T09_B1 T11_B1 T12_B1 T15_B1
cell_fa5bcb694958,T06_B2 T00_B1 T01_B1 T02_B1 T03_B1 T04_B1 T05_B1 T07_B1 T09_B1 T10_B1 T11_B1 T12_B1 T15_B1
cell_fa9e9fadb4be,T00_B1 T01_B1 T02_B1 T03_B1 T04_B1 T05_B1 T06_B1 T07_B1 T08_B1 T09_B1 T10_B1 T11_B1 T12_B1 T14_B1 T15_B1
cell_facdb9e7d424,T13_B3 T00_B1 T01_B1 T03_B1 T06_B1 T07_B1 T12_B1 T15_B1
cell_fad12738207d,T00_B1 T01_B1 T02_B1 T03_B1 T04_B1 T07_B1 T08_B1 T09_B1 T10_B1 T11_B1 T14_B1 T15_B1
cell_fae646535e9f,T14_B3 T00_B1 T01_B1 T03_B1 T04_B1 T06_B1 T07_B1 T08_B1 T10_B1 T11_B1 T12_B1 T15_B1
cell_fb0f4a5dcc27,T01_B1 T02_B1 T03_B1 T04_B1 T07_B1 T08_B1 T10_B1 T11_B1 T12_B1 T15_B1
cell_fb38f8bff428,NONE
cell_fbb85a4e15a8,T14_B3 T00_B1 T01_B1 T02_B1 T03_B1 T04_B1 T06_B1 T07_B1 T08_B1 T10_B1 T11_B1 T12_B1 T15_B1
cell_fbf2258ae222,T13_B3 T01_B1 T03_B1 T05_B1 T07_B1 T12_B1 T15_B1
cell_fbfe59d08be4,T00_B1 T01_B1 T02_B1 T03_B1 T04_B1 T05_B1 T06_B1 T07_B1 T08_B1 T09_B1 T10_B1 T11_B1 T12_B1 T14_B1 T15_B1
cell_fc8273533737,T01_B1 T03_B1 T04_B1 T08_B1 T15_B1
cell_fca0abc2bdcb,T01_B1 T03_B1 T07_B1 T13_B1
cell_fcf8244821e0,T14_B2 T00_B1 T01_B1 T04_B1 T06_B1 T07_B1 T08_B1 T10_B1 T13_B1 T15_B1
cell_fda037f89e89,T01_B1 T05_B1 T07_B1 T09_B1 T12_B1 T13_B1
cell_fddcfe299bb0,T13_B3 T00_B1 T01_B1 T02_B1 T03_B1 T04_B1 T05_B1 T07_B1 T09_B1 T10_B1 T11_B1 T12_B1 T15_B1
cell_fec245f81d87,T14_B3 T06_B1 T07_B1 T08_B1 T11_B1 T15_B1
cell_fecc6b157aa0,T00_B1 T01_B1 T03_B1 T04_B1 T07_B1 T08_B1 T09_B1 T10_B1 T12_B1 T14_B1 T15_B1
cell_ff01044b94c9,T00_B1 T03_B1 T15_B1
cell_ff10e6c2de4b,T13_B2 T00_B1 T01_B1 T02_B1 T03_B1 T04_B1 T05_B1 T06_B1 T07_B1 T09_B1 T10_B1 T11_B1 T12_B1 T15_B1
cell_ff662af1937d,T14_B3 T00_B1 T01_B1 T03_B1 T04_B1 T07_B1 T08_B1 T10_B1 T11_B1 T12_B1 T15_B1
