sample_id,motion_class
pt_000eb46655a5b3462b18,2
pt_00631dd2e707d8cca9d7,7
pt_00a05e52408b0b01fa4c,10
pt_01ecf3e932a1fd45b23a,15
pt_02f481bbcec143edf47c,1
pt_0337faef6fce2e811eda,12
pt_043a075196df2edcb6d1,9
pt_044400b84506e01e459f,12
pt_04541b3ef221a1ae9b91,8
pt_04c229b051b86c0d7074,10
pt_0555033fe68672f5a068,11
pt_05a94c17ae1a7a09a905,11
pt_0779a269ddfd51c48029,0
pt_079ae2b1816ab157ae80,3
pt_07f12b2a4e83366efc69,9
pt_0858ecc24f3b6ad52ffc,10
pt_0883858204fd13813191,7
pt_0895db23c2e9b70ae949,8
pt_09dc08ea16050dfc29bb,9
pt_0a08785d4a6961e9d34c,0
pt_0a1f1da2f2e2cbcb8218,6
pt_0a51f6f3b18f900dc0bb,17
pt_0a5c7e3c64c9d88f7245,10
pt_0b645e18a77301fd92ff,14
pt_0c884ffa5af301c9044c,12
pt_0d86b8b34f714c87006f,15
pt_0db84df19b81d0ed02ca,10
pt_0dd70198d5e6ece233b8,12
pt_0fde65d019cbe63fa64f,13
pt_105a802997c55d370c09,6
pt_10e79912c6d4e36d064c,8
pt_117efa9f9f6fa085fdcf,7
pt_1208dbe8d717781e5f98,8
pt_1285046a709c24fc795a,6
pt_12975740f6c5abcb6194,8
pt_13076a023580ff08cb98,8
pt_13ef897c9f18a648fd1b,14
pt_14dcc6998934580e5d68,9
pt_14e98e12a13efc6a9c35,9
pt_158ea6c5c15c33d83bef,8
pt_162b9e634f2c6d2361cd,5
pt_174af56c91b384dca50d,15
pt_179e3fe3261435bca286,7
pt_17d2c38d4e4513e8aaac,9
pt_18a55d4aee9b496e030d,12
pt_18a76942bfcf4ed40ef1,13
pt_18ced02d1c504defb172,6
pt_197ed85d1babc085f49a,10
pt_1a1a7b754b04eb144339,16
pt_1a26ea1a99bf44652216,15
pt_1b466af4bd5da213939c,0
pt_1bd7cc7e8ae5c3dfd765,14
pt_1d21568962871f16a56a,13
pt_1db16b92d4d942b69bae,11
pt_1f8634382a25784960ae,17
pt_1ff74d3d609e201fc5dc,8
pt_206a01caf738d59b0e04,12
pt_210dc9430a55340adc93,16
pt_217f6adbe00e2fdd8f1a,5
pt_21bf83973ba6375348d8,2
pt_223b586ffe436e9e656b,7
pt_22a83c6c0359a671e6d6,14
pt_22befefb1146019657e2,8
pt_232db2e5fd105c5aa111,10
pt_23ed4bf5e96740667e78,5
pt_24701aba89c904333b40,6
pt_248d0d6f8bed1ff76a98,3
pt_25121eecf3c618d418e0,8
pt_2562f53282b9d68ed880,10
pt_25dcc54cb66ce4c37896,14
pt_25e17891a04634071462,19
pt_26b8adb62bcc9fb3f750,6
pt_289679f63d7f641816c4,12
pt_29281d4af488319f6d1f,8
pt_29496dc9c50b15904219,7
pt_29ad873d6dacd6638965,7
pt_2a6c2adb438a8a9672e1,8
pt_2a8904624018dce9851b,10
pt_2bc9001327bbb6e1c0d0,5
pt_2c58b26b85a0590055c1,9
pt_2cbd84874e92f6d684b7,7
pt_2cc08a255ab68d4565d6,8
pt_2cfab0028b0ed624a274,8
pt_2d72fbbd99a0316dd2ac,17
pt_2e08c1f7ba3aeabfeaef,12
pt_2f1a2288de089b1c0bf9,15
pt_2f7fbbded2e1682c898a,8
pt_2f9620b36883b96c8e64,2
pt_2fc00320a63b326cd432,14
pt_3044f36419163eac40cf,5
pt_327f5becdebbd7e3c691,14
pt_35917265f3bd60112f55,15
pt_363453500a12e6922cf8,6
pt_3699babd3ae4b4c41cec,2
pt_36b424670b8b3dcef8b4,1
pt_37de82ff10f838664087,1
pt_38456e5fdef02a0a47a5,19
pt_386474aa2df206479b0e,14
pt_38de189b3baf01849df4,0
pt_3930b5b413c80331cf8b,15
pt_39762697caa3d0ed6ec2,9
pt_3adb333e8c70fcd2f0ad,7
pt_3b02b10b51a7067ac8ee,8
pt_3b8b259cb462bb4cd230,14
pt_3b9cc1837a83f7c481f7,15
pt_3c24911a119304f561f8,13
pt_3d12b6381e0d3228fe7d,8
pt_3d6ba4451dc8f1ef316e,11
pt_3e0e019006b859a4e3a8,8
pt_3e928a48092d4cfa7150,13
pt_421215e9666d349f47ea,2
pt_4292bfa465d6dbe95538,15
pt_434b685e3372d77d9843,7
pt_43bc90428118c264d85e,13
pt_44514099f315e38148d8,8
pt_44ff1e057a668f010a74,10
pt_45602bc823b78cd644ec,16
pt_457ec39d88aeb98cd283,9
pt_462477cdfb66e5877b24,13
pt_468288cd6814abdeffaa,7
pt_46d23b37b50f92e15207,2
pt_4718a369156e1051da2b,8
pt_48fc9b3bf8c2b513ca07,14
pt_49dda1cff4131075db5a,13
pt_4a233a9fe3a098ab2b57,7
pt_4ba521687ec569d3d6fa,12
pt_4c51a25bf435107bdee4,13
pt_4d35574f38fa9344307c,17
pt_4dce7a46f4a777064b80,12
pt_4fffbda1737d1914bc07,18
pt_50ee62b94e8876329c84,8
pt_517188b51aa81312c617,14
pt_526b64a337b13daddc93,7
pt_5395f1859f991a7d9120,14
pt_54c24349a5aa6929ebce,0
pt_54d8d8854d742aed0189,1
pt_567d214bbd5f38195ba8,8
pt_575971e6968e83f7abd9,8
pt_57a43acf328571091cc3,13
pt_586fe2e0877371006bfa,7
pt_58d3f3dba5dd0cf38ef7,17
pt_59a60f79a2c26dd71a08,8
pt_5d0cbe2714fb4aac6df0,5
pt_5d40e4963d4171daf510,14
pt_5ebb79afbf35576934f0,3
pt_5f74f79336c390496b02,13
pt_5f90b00ae1c73d9fcce3,10
pt_5fe3be20bd2b6381eaea,8
pt_604279df5fa102b174ee,12
pt_60c8e8bf8392d0b281b5,13
pt_60fb93d50a669ae06604,15
pt_6183de7aa5d877794fbf,13
pt_626c50c725fb1e4d73a5,13
pt_631627eb204f83301972,7
pt_638d9384792e7b789306,17
pt_63ab42a08b11e62830e8,12
pt_63ecf29db26777cf52e0,7
pt_64dd75201b1f79d6ee0b,16
pt_66795eb98d96f3fd73e1,11
pt_66c4c1bbd632297c48a2,14
pt_67b7701aaa78031b0ece,0
pt_688ea4b80a798b320e9c,17
pt_69afacd2601cc0cc63d5,12
pt_69c43ee696515f4172dc,7
pt_69e13e143c428859e5f9,7
pt_69e2ca9fe915b1f543ca,17
pt_6a24dc71576c9508f9fd,14
pt_6aa40f32cbc4c001e153,5
pt_6b75acd5be5d5b827f78,8
pt_6c154e30d5248909d3aa,13
pt_6c19584bd1613b6ce91c,12
pt_6d1d21326942acf0807a,14
pt_6da9957859f8e1eb100b,13
pt_70b22ee72fd9bd49ba17,6
pt_70c5438480f47b46f821,9
pt_70e20025b050f4f9287f,6
pt_70f82a2d6e5f506d672e,14
pt_71da8ad7a0d683278416,3
pt_7301a69e6f147c8e230a,14
pt_735d62648bbd2f63484b,3
pt_75ff11732c75470fff23,13
pt_7635b6b6df50f4663ce7,8
pt_77063d343fc2d691c612,8
pt_77f0852720451fdc1c1b,15
pt_7873045931638a7f6673,7
pt_7895c7bf7d05b629c7d9,3
pt_79ec07406c379f3198a1,14
pt_7a699ef96f9f8a8c15cc,3
pt_7b655789f653bbb3c3b9,10
pt_7c3270f2232f76b53f0e,12
pt_7ca1fb476ba65fbd4519,3
pt_7eb0cb9555b46113bf33,9
pt_7f2af6e3ff6b70cbd1bb,7
pt_7fa4d75754c1b936c5ab,9
pt_7fdfce45de659aa6385b,17
pt_7febb9738c467d4471ef,11
pt_831f9d2bc65c6a56f648,2
pt_832a74d3e140e93f63df,16
pt_83e5f53f9feb74eec3e0,2
pt_8516d76bb3c3a663f0a2,7
pt_859bff7cd7dc7f068894,8
pt_865cab37cd72f123c2a0,1
pt_8670ff1080dabfa974f5,8
pt_87ad381c5558e3baebbc,12
pt_87da17ec0ca9809d4e62,14
pt_8b8e6a6717a964cb38ed,11
pt_8c4f6fab923576b7869e,7
pt_8dbd00298b4692cc3db9,7
pt_8dd4e9f318ec874288b8,10
pt_8f21f4ef52028bc12351,13
pt_8ff25f79d556f73dead3,9
pt_913132469390ecf92bc2,14
pt_91d14866c0f53f4b2850,8
pt_92427ae93cf9b4c7673a,14
pt_92ad7d4a4965f739a88a,14
pt_938769b6fe2dd0777c1b,10
pt_94abc0308a3603e0ef4b,9
pt_94de2eaafa94ddbc75d4,14
pt_94e09f10cee31872535b,12
pt_94e448e638373b088076,7
pt_953cbe306dac62d2f057,18
pt_95e114167d458e583459,13
pt_965dd833c048723e76f8,10
pt_99b9fee46202ad9cd119,0
pt_99caca7768cb2fb2fbe3,7
pt_9b59c5134ae29f8ad58a,17
pt_9e22caa2218342e5840e,7
pt_9e8c601d28493f8a20d3,11
pt_9f398df7064831e9ebaa,7
pt_a02ceca46647079366a1,11
pt_a0b385b2017bdc11bc04,9
pt_a0bb1b4a9bbfcaa897ef,14
pt_a10202e12aa60a2f4428,13
pt_a1efa972cc43eded2a87,8
pt_a2d38878e71086f15352,5
pt_a5bb9e3cc5b7b61da1b3,1
pt_a61bcfb7fb69fb7324d9,14
pt_a75a44a868d5fa1fcc5c,13
pt_a7e907638d3fb3f021c3,10
pt_a8de8b5d334aaa528288,14
pt_a94dcc3ff092f3d09da7,8
pt_a951c7f60ca03d490f28,6
pt_aaf301d15f89d8dbd0eb,13
pt_ace751764057b1fe0d21,8
pt_ad0c66c90261edfb332c,8
pt_af11daa8bbec970e474e,6
pt_afce6261f48a47858755,8
pt_b03482e2e33fa270bbe1,11
pt_b1279420f4768f79b84c,0
pt_b19b0d84c4a921183a76,14
pt_b201cd5fa5ac18ecbfcc,13
pt_b279cd0593004a67736a,10
pt_b2c9ea1cf9af4e816ee6,17
pt_b2f6a29ba0d28962d353,10
pt_b2fe7b8ca4efa5ce2957,9
pt_b3f52bd6de3d5ce52bac,15
pt_b4d8c2eeb4de9ebae36f,10
pt_b4feb70989ab5028485f,8
pt_b66eb625131197f20bdb,0
pt_b6e40a0265fd2199fb2e,2
pt_b756f89349ebf5b92dfd,11
pt_ba9e6137e302901c3182,14
pt_bb0e78d5d203fdd6d69d,1
pt_bb8c61641ccd13fb11e6,1
pt_bc1aab278cfbb47c2029,10
pt_bc6b99620799cff4982f,17
pt_bdbb5880bc4084bf824e,8
pt_bdbdcbc29526ec6757d6,6
pt_bf5b4e21bf2a28866b45,8
pt_c0c3fe1d304949d8d085,13
pt_c2367db445882c0a389e,17
pt_c282149bbc302f56a3d5,11
pt_c2fd30fc2658562b82ac,12
pt_c3885fd3a187558d6ba3,13
pt_c4296f9a0cb4048edf0f,2
pt_c4e875b3b592a998bb64,18
pt_c61d22c631d422c9afb7,12
pt_c8455faeabfa43c35b95,5
pt_c8fd9d248ebd8aa6de52,6
pt_cb9e055578642c64a516,2
pt_cbf1d04a5dff06f973bb,17
pt_cc27ecc4c938ffa918a4,10
pt_cc86618888b2d86dfd2a,8
pt_cd238cdf9b6c927a3e7f,2
pt_ce017815ed8491dd29dc,8
pt_ce0aea6cb9463c53e716,3
pt_ce860d589c98c9a03a95,0
pt_cf3dbc125b643e3671aa,0
pt_d108ba2aeb65eb580623,15
pt_d1d77d4b960747fceffb,18
pt_d270de07c8ffcddc7542,9
pt_d31f2a0f67dde775fdca,14
pt_d41e0ea91a84b6a692a3,16
pt_d42b2c4415e1e6f1acd9,8
pt_d587f010a2945f5285d8,16
pt_d60f54041be1b674b362,8
pt_d678dfe381e376dc0b1c,2
pt_d692ba2f3ab117463669,12
pt_d76a73e71ef245f14a1e,14
pt_d7f00692470e21b4d25f,13
pt_d84596e6d4fa550f811e,14
pt_d84bdfee3dbdbab7cacc,14
pt_d84d28700bf6c82025f4,14
pt_d92ff36a24d7c1b54874,7
pt_da3525d2e0a57693db43,14
pt_dad640c361d1a2be8a35,9
pt_db6ae68e7a30175a2087,7
pt_dcc281c945270985c06e,17
pt_dd2799dd3a73d944add9,16
pt_de9a1134887965e5c611,5
pt_def687eb2e526c47a0a9,13
pt_df51b077de76a18c6e56,6
pt_e01102b2bbb826d2b8de,7
pt_e1501f60fcd0eb483a89,11
pt_e17fa00ed4c8df503719,17
pt_e2b80c7b7041ad4c1986,8
pt_e2dfb1f99a1fd18da361,14
pt_e3323f9719337c50d7db,8
pt_e6433c7990816bb17b9b,13
pt_e72b7fca45cff39ea96d,4
pt_e72ebf40e7d588b44758,12
pt_e7c0e7dbb11b096db0a3,9
pt_e85311daf734b29b82e3,7
pt_e9284fe596391453d7ad,11
pt_eaea0a0b417987df8b58,2
pt_eb10e2c85a20d9f0caf7,6
pt_edb8b359e890fea715d4,13
pt_ee46036188fe69ed76dd,14
pt_ef19f0af3685a78007f1,9
pt_ef620bd264fdc628743e,13
pt_effcd75b5f23e6001af6,6
pt_f04263525bc8933a2480,9
pt_f0a1ccc5f8bd10906b7e,12
pt_f1392e7bc0583155ac42,8
pt_f13da1a835bb8fea5bc5,1
pt_f15ffa28836279fb29a2,17
pt_f2a9a6f4c4be90c1c8d7,17
pt_f3a1068b93105d4fe12d,10
pt_f40f08a6e70a0fc163e9,8
pt_f4dfad3a600eae6127c4,9
pt_f5e53a19eee38504bf22,8
pt_f7778dbcea523c9df889,8
pt_f77d9b7eda3611fcc037,6
pt_f82ee0c59d9a5b7e60c7,12
pt_f89439cf758a20b23e36,14
pt_f8ceefad85aaf8e7a351,8
pt_fc6de8d681221cd25ec9,6
pt_fd78780e1bdbb9fa95e7,13
pt_fe7bc4d0b63257dd7550,13
pt_ff42aacb660c6dbc401e,8
