id,repaired_sequence
008d7291f5ca,prep=dry_glass;activation=no_activation;order=base_first;control=warm_hold;quench=acidic_quench;workup=resin_wash
00ac6657ce3d,prep=buffer_check;activation=activate_acyl;order=base_last;control=ph_window;quench=water_slow;workup=organic_extract
01870a3efc75,prep=buffer_check;activation=activate_acyl;order=base_last;control=ph_window;quench=basic_quench;workup=filter_celite
018d13e4362c,prep=cool_salt;activation=no_activation;order=catalyst_last;control=ice_slow;quench=acidic_quench;workup=organic_extract
0214832039c0,prep=degas;activation=preactivate_oxidant;order=oxidant_portionwise;control=warm_hold;quench=alcohol_quench;workup=direct_concentrate
02f1c52a1a38,prep=cool_salt;activation=activate_acyl;order=base_first;control=ice_slow;quench=alcohol_quench;workup=direct_concentrate
0343a9145a80,prep=dry_glass;activation=prime_catalyst;order=substrate_slow;control=ph_window;quench=acidic_quench;workup=organic_extract
03a6abdc38c7,prep=cool_salt;activation=activate_acyl;order=base_first;control=ice_slow;quench=brine_split;workup=organic_extract
0408531e185f,prep=dry_glass;activation=activate_acyl;order=nucleophile_slow;control=ph_window;quench=basic_quench;workup=organic_extract
050826398419,prep=shield_light;activation=prewet_resin;order=catalyst_last;control=dark_hold;quench=brine_split;workup=organic_extract
05090bb69a70,prep=cool_salt;activation=no_activation;order=base_last;control=ice_slow;quench=no_quench;workup=direct_concentrate
0551ba628de2,prep=dry_glass;activation=activate_acyl;order=base_last;control=ph_window;quench=water_slow;workup=aqueous_neutralize
06498438a904,prep=dry_glass;activation=prewet_resin;order=base_first;control=ph_window;quench=water_slow;workup=resin_wash
06658d86cf52,prep=no_extra_prep;activation=prime_catalyst;order=substrate_slow;control=ambient_slow;quench=water_slow;workup=resin_wash
0699ddd13cfb,prep=dry_glass;activation=prime_catalyst;order=substrate_slow;control=warm_hold;quench=brine_split;workup=organic_extract
06a158722673,prep=cool_salt;activation=preform_imine;order=nucleophile_slow;control=ice_slow;quench=brine_split;workup=organic_extract
06a9d0011467,prep=cool_salt;activation=prime_catalyst;order=substrate_slow;control=ice_slow;quench=no_quench;workup=organic_extract
076c2604635a,prep=cool_salt;activation=activate_acyl;order=catalyst_last;control=ice_slow;quench=basic_quench;workup=organic_extract
078c403e3545,prep=degas;activation=no_activation;order=base_first;control=vented_hold;quench=water_slow;workup=solvent_swap
079bb3d00d8d,prep=buffer_check;activation=activate_acyl;order=base_first;control=ph_window;quench=alcohol_quench;workup=organic_extract
0815c93f8896,prep=buffer_check;activation=preactivate_oxidant;order=oxidant_portionwise;control=ph_window;quench=water_slow;workup=organic_extract
082dd9ceb7f0,prep=degas;activation=activate_acyl;order=base_last;control=warm_hold;quench=alcohol_quench;workup=organic_extract
084769645444,prep=degas;activation=prime_catalyst;order=oxidant_portionwise;control=ambient_slow;quench=water_slow;workup=organic_extract
08489ec24e76,prep=shield_light;activation=preactivate_oxidant;order=oxidant_portionwise;control=dark_hold;quench=basic_quench;workup=organic_extract
09dd83624bfc,prep=degas;activation=prewet_resin;order=substrate_slow;control=ph_window;quench=alcohol_quench;workup=resin_wash
0a0ecb3d0aef,prep=no_extra_prep;activation=activate_acyl;order=base_last;control=dark_hold;quench=acidic_quench;workup=organic_extract
0a5feb6b079a,prep=cool_salt;activation=preactivate_oxidant;order=oxidant_portionwise;control=ice_slow;quench=brine_split;workup=organic_extract
0ac159680d43,prep=no_extra_prep;activation=activate_acyl;order=base_first;control=dark_hold;quench=alcohol_quench;workup=organic_extract
0ac1fb2e0e91,prep=buffer_check;activation=activate_acyl;order=catalyst_last;control=ph_window;quench=alcohol_quench;workup=organic_extract
0b2c2302fdea,prep=buffer_check;activation=activate_acyl;order=base_last;control=ph_window;quench=basic_quench;workup=filter_celite
0b80e89cf12f,prep=buffer_check;activation=activate_acyl;order=catalyst_last;control=ph_window;quench=basic_quench;workup=organic_extract
0be5693fe631,prep=shield_light;activation=no_activation;order=substrate_slow;control=dark_hold;quench=water_slow;workup=organic_extract
0bed38d04655,prep=dry_glass;activation=preactivate_oxidant;order=oxidant_portionwise;control=ambient_slow;quench=acidic_quench;workup=organic_extract
0ce0273e524f,prep=shield_light;activation=no_activation;order=base_first;control=dark_hold;quench=no_quench;workup=organic_extract
0e5eeefe1dfa,prep=dry_glass;activation=preactivate_oxidant;order=oxidant_portionwise;control=vented_hold;quench=water_slow;workup=direct_concentrate
0f539cd07110,prep=shield_light;activation=preactivate_oxidant;order=oxidant_portionwise;control=dark_hold;quench=basic_quench;workup=organic_extract
0fed3ddf3223,prep=shield_light;activation=no_activation;order=nucleophile_slow;control=dark_hold;quench=no_quench;workup=organic_extract
0fef16c590fb,prep=degas;activation=prime_catalyst;order=substrate_slow;control=ambient_slow;quench=acidic_quench;workup=organic_extract
10c44f9ebe35,prep=shield_light;activation=no_activation;order=base_first;control=dark_hold;quench=basic_quench;workup=organic_extract
114e331b22f0,prep=buffer_check;activation=prime_catalyst;order=substrate_slow;control=ph_window;quench=alcohol_quench;workup=organic_extract
11671f91210a,prep=buffer_check;activation=activate_acyl;order=base_last;control=ph_window;quench=water_slow;workup=resin_wash
11a5582b3f34,prep=cool_salt;activation=prime_catalyst;order=substrate_slow;control=ice_slow;quench=no_quench;workup=organic_extract
11faddf2cb0d,prep=dry_glass;activation=no_activation;order=substrate_slow;control=ph_window;quench=no_quench;workup=organic_extract
121dee902028,prep=cool_salt;activation=prewet_resin;order=substrate_slow;control=ice_slow;quench=brine_split;workup=resin_wash
1240d5ddd712,prep=shield_light;activation=prewet_resin;order=substrate_slow;control=dark_hold;quench=brine_split;workup=resin_wash
1290aa9d3c1e,prep=cool_salt;activation=prime_catalyst;order=catalyst_last;control=ice_slow;quench=no_quench;workup=organic_extract
13a706192fd6,prep=cool_salt;activation=no_activation;order=catalyst_last;control=ice_slow;quench=alcohol_quench;workup=organic_extract
13b7b4d8d9a0,prep=buffer_check;activation=preactivate_oxidant;order=oxidant_portionwise;control=ph_window;quench=water_slow;workup=organic_extract
1419f13eb1c5,prep=cool_salt;activation=no_activation;order=base_first;control=ice_slow;quench=alcohol_quench;workup=organic_extract
14506bdb0cf3,prep=dry_glass;activation=preform_imine;order=nucleophile_slow;control=vented_hold;quench=brine_split;workup=organic_extract
14cea8be356c,prep=buffer_check;activation=preform_imine;order=nucleophile_slow;control=ph_window;quench=basic_quench;workup=organic_extract
1688cb33ee74,prep=cool_salt;activation=preform_imine;order=nucleophile_slow;control=ice_slow;quench=alcohol_quench;workup=organic_extract
16d5799ab8bc,prep=buffer_check;activation=no_activation;order=oxidant_portionwise;control=ph_window;quench=alcohol_quench;workup=organic_extract
19145ace72e1,prep=dry_glass;activation=preform_imine;order=nucleophile_slow;control=warm_hold;quench=no_quench;workup=organic_extract
199ca45c3abc,prep=degas;activation=preactivate_oxidant;order=oxidant_portionwise;control=warm_hold;quench=water_slow;workup=aqueous_neutralize
19eb8c9a2c0f,prep=no_extra_prep;activation=prewet_resin;order=substrate_slow;control=ph_window;quench=acidic_quench;workup=organic_extract
1d4309ac81e3,prep=cool_salt;activation=preactivate_oxidant;order=oxidant_portionwise;control=ice_slow;quench=acidic_quench;workup=organic_extract
1e4494dd1131,prep=no_extra_prep;activation=preform_imine;order=substrate_slow;control=dark_hold;quench=water_slow;workup=resin_wash
1e79f4726f97,prep=buffer_check;activation=preactivate_oxidant;order=oxidant_portionwise;control=ph_window;quench=water_slow;workup=organic_extract
1ef7322ebc7d,prep=cool_salt;activation=activate_acyl;order=base_first;control=vented_hold;quench=water_slow;workup=filter_celite
1f7497b4c013,prep=dry_glass;activation=prime_catalyst;order=substrate_slow;control=ice_slow;quench=basic_quench;workup=organic_extract
20e687a303c8,prep=no_extra_prep;activation=activate_acyl;order=base_last;control=warm_hold;quench=acidic_quench;workup=filter_celite
20ed7c5daab8,prep=shield_light;activation=activate_acyl;order=base_last;control=dark_hold;quench=brine_split;workup=organic_extract
22223527c5dd,prep=dry_glass;activation=prime_catalyst;order=catalyst_last;control=vented_hold;quench=water_slow;workup=organic_extract
22fa9a9f5489,prep=degas;activation=preactivate_oxidant;order=oxidant_portionwise;control=ambient_slow;quench=brine_split;workup=organic_extract
24bd27d6e91c,prep=shield_light;activation=prime_catalyst;order=substrate_slow;control=dark_hold;quench=water_slow;workup=organic_extract
24e14881aa18,prep=degas;activation=no_activation;order=base_first;control=warm_hold;quench=brine_split;workup=organic_extract
2539a5b1d873,prep=cool_salt;activation=preform_imine;order=nucleophile_slow;control=ice_slow;quench=alcohol_quench;workup=organic_extract
259444d9573b,prep=no_extra_prep;activation=no_activation;order=base_first;control=ice_slow;quench=water_slow;workup=filter_celite
26f676fe639e,prep=cool_salt;activation=prime_catalyst;order=substrate_slow;control=vented_hold;quench=no_quench;workup=organic_extract
278d54d0fbde,prep=cool_salt;activation=prime_catalyst;order=nucleophile_slow;control=ice_slow;quench=no_quench;workup=organic_extract
280b9e5d944d,prep=no_extra_prep;activation=preactivate_oxidant;order=oxidant_portionwise;control=warm_hold;quench=acidic_quench;workup=organic_extract
281070a5daa0,prep=degas;activation=preactivate_oxidant;order=oxidant_portionwise;control=ambient_slow;quench=water_slow;workup=organic_extract
28782672ee2b,prep=buffer_check;activation=activate_acyl;order=base_first;control=ph_window;quench=basic_quench;workup=resin_wash
28b0f44fdef4,prep=dry_glass;activation=activate_acyl;order=base_last;control=ambient_slow;quench=brine_split;workup=organic_extract
29848ef9e458,prep=dry_glass;activation=preform_imine;order=substrate_slow;control=warm_hold;quench=brine_split;workup=organic_extract
2ab6c5dc28d5,prep=buffer_check;activation=prime_catalyst;order=substrate_slow;control=ph_window;quench=alcohol_quench;workup=organic_extract
2ad4a3e42041,prep=buffer_check;activation=prewet_resin;order=base_last;control=ph_window;quench=alcohol_quench;workup=resin_wash
2b0eb4a29d51,prep=shield_light;activation=preactivate_oxidant;order=oxidant_portionwise;control=dark_hold;quench=water_slow;workup=organic_extract
2bcfb9b41ef2,prep=buffer_check;activation=no_activation;order=base_last;control=ph_window;quench=no_quench;workup=filter_celite
2bfea4714d12,prep=cool_salt;activation=prewet_resin;order=base_last;control=ice_slow;quench=alcohol_quench;workup=organic_extract
2c8c1a584ab7,prep=degas;activation=preform_imine;order=nucleophile_slow;control=vented_hold;quench=brine_split;workup=organic_extract
2d44ffbc9add,prep=buffer_check;activation=preactivate_oxidant;order=oxidant_portionwise;control=ph_window;quench=alcohol_quench;workup=organic_extract
2d9a535664a0,prep=dry_glass;activation=activate_acyl;order=base_first;control=ph_window;quench=acidic_quench;workup=resin_wash
2de94e09052f,prep=cool_salt;activation=activate_acyl;order=catalyst_last;control=ice_slow;quench=alcohol_quench;workup=organic_extract
2dfe66674431,prep=degas;activation=activate_acyl;order=substrate_slow;control=vented_hold;quench=basic_quench;workup=organic_extract
2e34f49dfa45,prep=no_extra_prep;activation=no_activation;order=catalyst_last;control=dark_hold;quench=acidic_quench;workup=organic_extract
2e56c07e3680,prep=cool_salt;activation=preform_imine;order=nucleophile_slow;control=ice_slow;quench=no_quench;workup=organic_extract
2f3b2b3402b6,prep=dry_glass;activation=activate_acyl;order=catalyst_last;control=ambient_slow;quench=no_quench;workup=organic_extract
2f531994f7b1,prep=shield_light;activation=prewet_resin;order=catalyst_last;control=dark_hold;quench=alcohol_quench;workup=organic_extract
2fe69facdeff,prep=cool_salt;activation=activate_acyl;order=base_first;control=vented_hold;quench=brine_split;workup=organic_extract
302c288480ce,prep=no_extra_prep;activation=prewet_resin;order=base_first;control=warm_hold;quench=acidic_quench;workup=organic_extract
31a144f22368,prep=shield_light;activation=activate_acyl;order=oxidant_portionwise;control=dark_hold;quench=alcohol_quench;workup=organic_extract
31a39c8d74ae,prep=dry_glass;activation=no_activation;order=base_last;control=warm_hold;quench=no_quench;workup=filter_celite
31d36231dc4b,prep=buffer_check;activation=activate_acyl;order=oxidant_portionwise;control=ph_window;quench=basic_quench;workup=organic_extract
31f36a2b5b27,prep=buffer_check;activation=no_activation;order=substrate_slow;control=ph_window;quench=no_quench;workup=resin_wash
323034860f52,prep=cool_salt;activation=preactivate_oxidant;order=oxidant_portionwise;control=ice_slow;quench=acidic_quench;workup=organic_extract
32ebe3603875,prep=degas;activation=prewet_resin;order=substrate_slow;control=ice_slow;quench=basic_quench;workup=resin_wash
33e804d426b6,prep=cool_salt;activation=preactivate_oxidant;order=oxidant_portionwise;control=ice_slow;quench=water_slow;workup=direct_concentrate
35dbb12a7754,prep=buffer_check;activation=no_activation;order=catalyst_last;control=ph_window;quench=basic_quench;workup=organic_extract
35fade3252c6,prep=cool_salt;activation=prime_catalyst;order=substrate_slow;control=ice_slow;quench=brine_split;workup=organic_extract
36a1b749ca7d,prep=cool_salt;activation=preactivate_oxidant;order=oxidant_portionwise;control=ice_slow;quench=water_slow;workup=direct_concentrate
371da7b68e45,prep=cool_salt;activation=prime_catalyst;order=substrate_slow;control=ice_slow;quench=water_slow;workup=organic_extract
3797db18a7e5,prep=cool_salt;activation=prewet_resin;order=nucleophile_slow;control=ice_slow;quench=no_quench;workup=resin_wash
3799810ea3fe,prep=shield_light;activation=preform_imine;order=oxidant_portionwise;control=dark_hold;quench=water_slow;workup=filter_celite
391b5b700dba,prep=shield_light;activation=prime_catalyst;order=substrate_slow;control=dark_hold;quench=no_quench;workup=organic_extract
39583e60bddf,prep=no_extra_prep;activation=preactivate_oxidant;order=oxidant_portionwise;control=warm_hold;quench=acidic_quench;workup=organic_extract
397a84555126,prep=cool_salt;activation=prewet_resin;order=nucleophile_slow;control=ice_slow;quench=water_slow;workup=organic_extract
39b6dffd78eb,prep=dry_glass;activation=no_activation;order=base_first;control=warm_hold;quench=no_quench;workup=solvent_swap
3a00a922448f,prep=cool_salt;activation=activate_acyl;order=substrate_slow;control=ice_slow;quench=brine_split;workup=organic_extract
3a1f44b8e4d3,prep=dry_glass;activation=preactivate_oxidant;order=oxidant_portionwise;control=ambient_slow;quench=brine_split;workup=resin_wash
3a4b94483a3a,prep=cool_salt;activation=no_activation;order=base_first;control=ice_slow;quench=no_quench;workup=direct_concentrate
3aae149e7b12,prep=no_extra_prep;activation=prime_catalyst;order=substrate_slow;control=warm_hold;quench=basic_quench;workup=organic_extract
3abd0e20a75b,prep=shield_light;activation=prime_catalyst;order=base_first;control=dark_hold;quench=water_slow;workup=organic_extract
3b0b2c562012,prep=degas;activation=no_activation;order=base_first;control=warm_hold;quench=alcohol_quench;workup=solvent_swap
3b2974dd7db3,prep=shield_light;activation=prime_catalyst;order=substrate_slow;control=dark_hold;quench=alcohol_quench;workup=organic_extract
3c49d83d94a6,prep=shield_light;activation=prime_catalyst;order=substrate_slow;control=dark_hold;quench=alcohol_quench;workup=organic_extract
3c5e7eb45e36,prep=buffer_check;activation=activate_acyl;order=catalyst_last;control=ph_window;quench=basic_quench;workup=organic_extract
3cb0da5626ee,prep=buffer_check;activation=prewet_resin;order=substrate_slow;control=ph_window;quench=basic_quench;workup=resin_wash
3ce0712d6d35,prep=buffer_check;activation=preform_imine;order=nucleophile_slow;control=ph_window;quench=brine_split;workup=organic_extract
3cee02252e66,prep=degas;activation=preactivate_oxidant;order=oxidant_portionwise;control=warm_hold;quench=brine_split;workup=organic_extract
3ceffe5393d2,prep=no_extra_prep;activation=prime_catalyst;order=catalyst_last;control=ambient_slow;quench=basic_quench;workup=organic_extract
3d6705992bd3,prep=buffer_check;activation=preactivate_oxidant;order=oxidant_portionwise;control=ph_window;quench=basic_quench;workup=organic_extract
3ef1a8912da3,prep=buffer_check;activation=prime_catalyst;order=substrate_slow;control=ph_window;quench=basic_quench;workup=organic_extract
3fc0ebd89d67,prep=cool_salt;activation=no_activation;order=substrate_slow;control=ice_slow;quench=brine_split;workup=resin_wash
3ffd0c2b7300,prep=shield_light;activation=prime_catalyst;order=substrate_slow;control=dark_hold;quench=alcohol_quench;workup=organic_extract
4003c83e68d5,prep=shield_light;activation=prewet_resin;order=substrate_slow;control=dark_hold;quench=alcohol_quench;workup=resin_wash
40806a2ba9b4,prep=dry_glass;activation=activate_acyl;order=catalyst_last;control=warm_hold;quench=alcohol_quench;workup=organic_extract
43514b843fae,prep=cool_salt;activation=prime_catalyst;order=substrate_slow;control=ice_slow;quench=no_quench;workup=organic_extract
436a0163a424,prep=buffer_check;activation=preactivate_oxidant;order=oxidant_portionwise;control=ph_window;quench=water_slow;workup=organic_extract
443d341999b4,prep=cool_salt;activation=prewet_resin;order=substrate_slow;control=ice_slow;quench=alcohol_quench;workup=resin_wash
44d5d8a8e3c9,prep=buffer_check;activation=preactivate_oxidant;order=oxidant_portionwise;control=ph_window;quench=basic_quench;workup=organic_extract
44f90d8137b2,prep=cool_salt;activation=preactivate_oxidant;order=oxidant_portionwise;control=ice_slow;quench=water_slow;workup=direct_concentrate
45147f927a2c,prep=dry_glass;activation=no_activation;order=base_first;control=warm_hold;quench=water_slow;workup=filter_celite
4587c663e780,prep=buffer_check;activation=preactivate_oxidant;order=oxidant_portionwise;control=ph_window;quench=basic_quench;workup=organic_extract
4611d9b97774,prep=cool_salt;activation=activate_acyl;order=base_first;control=ice_slow;quench=water_slow;workup=direct_concentrate
463c4af98b12,prep=dry_glass;activation=activate_acyl;order=base_first;control=ph_window;quench=alcohol_quench;workup=organic_extract
465a212a6dd1,prep=dry_glass;activation=preactivate_oxidant;order=oxidant_portionwise;control=warm_hold;quench=brine_split;workup=organic_extract
468373a03ff1,prep=buffer_check;activation=prime_catalyst;order=base_last;control=ph_window;quench=basic_quench;workup=organic_extract
46fb72e35e93,prep=buffer_check;activation=prime_catalyst;order=base_first;control=ph_window;quench=alcohol_quench;workup=organic_extract
471dd6b608a0,prep=shield_light;activation=prime_catalyst;order=substrate_slow;control=dark_hold;quench=brine_split;workup=organic_extract
47316a7d5caf,prep=dry_glass;activation=preactivate_oxidant;order=oxidant_portionwise;control=warm_hold;quench=basic_quench;workup=resin_wash
4782121e1b0e,prep=degas;activation=no_activation;order=base_first;control=warm_hold;quench=brine_split;workup=organic_extract
4783d5998431,prep=cool_salt;activation=prewet_resin;order=base_last;control=ice_slow;quench=water_slow;workup=resin_wash
481a76d8c9d9,prep=buffer_check;activation=preactivate_oxidant;order=oxidant_portionwise;control=ph_window;quench=brine_split;workup=organic_extract
48264c7a9c58,prep=no_extra_prep;activation=preform_imine;order=catalyst_last;control=dark_hold;quench=water_slow;workup=organic_extract
4876b674afaa,prep=cool_salt;activation=activate_acyl;order=base_last;control=vented_hold;quench=water_slow;workup=solvent_swap
48c83c25afbb,prep=degas;activation=prime_catalyst;order=catalyst_last;control=ambient_slow;quench=brine_split;workup=organic_extract
496b18ebabe9,prep=cool_salt;activation=activate_acyl;order=base_first;control=ice_slow;quench=no_quench;workup=direct_concentrate
49ae5290d58a,prep=buffer_check;activation=prewet_resin;order=substrate_slow;control=ph_window;quench=basic_quench;workup=resin_wash
49d69168fa7d,prep=degas;activation=preform_imine;order=nucleophile_slow;control=ambient_slow;quench=water_slow;workup=organic_extract
4a4bc49c64e3,prep=buffer_check;activation=no_activation;order=base_first;control=ph_window;quench=no_quench;workup=direct_concentrate
4a7cbe3249d3,prep=shield_light;activation=prime_catalyst;order=catalyst_last;control=dark_hold;quench=water_slow;workup=organic_extract
4ae5abfbb3d8,prep=buffer_check;activation=prime_catalyst;order=substrate_slow;control=ph_window;quench=basic_quench;workup=organic_extract
4bf5ca2fc487,prep=dry_glass;activation=prime_catalyst;order=base_first;control=vented_hold;quench=water_slow;workup=direct_concentrate
4c21b43a99d1,prep=buffer_check;activation=prime_catalyst;order=substrate_slow;control=ph_window;quench=basic_quench;workup=organic_extract
4ca8e74ca0c2,prep=dry_glass;activation=preactivate_oxidant;order=oxidant_portionwise;control=warm_hold;quench=water_slow;workup=filter_celite
4cc5493e4549,prep=dry_glass;activation=preactivate_oxidant;order=nucleophile_slow;control=ice_slow;quench=acidic_quench;workup=organic_extract
4d18bc58f6a2,prep=dry_glass;activation=no_activation;order=nucleophile_slow;control=ice_slow;quench=brine_split;workup=organic_extract
4e67bb355325,prep=degas;activation=prewet_resin;order=nucleophile_slow;control=ph_window;quench=no_quench;workup=organic_extract
4edac9cb4978,prep=cool_salt;activation=preactivate_oxidant;order=oxidant_portionwise;control=ice_slow;quench=acidic_quench;workup=organic_extract
4eef11a7fce5,prep=dry_glass;activation=activate_acyl;order=oxidant_portionwise;control=warm_hold;quench=alcohol_quench;workup=direct_concentrate
4f2164f3610f,prep=shield_light;activation=preform_imine;order=nucleophile_slow;control=dark_hold;quench=alcohol_quench;workup=organic_extract
5077cc162289,prep=buffer_check;activation=preactivate_oxidant;order=oxidant_portionwise;control=ph_window;quench=alcohol_quench;workup=organic_extract
513184c962ed,prep=shield_light;activation=prime_catalyst;order=substrate_slow;control=dark_hold;quench=water_slow;workup=organic_extract
529863571942,prep=degas;activation=prime_catalyst;order=catalyst_last;control=ambient_slow;quench=acidic_quench;workup=organic_extract
52d46c14fe5a,prep=cool_salt;activation=prime_catalyst;order=base_last;control=ice_slow;quench=water_slow;workup=direct_concentrate
53653b1ae8f4,prep=cool_salt;activation=preactivate_oxidant;order=oxidant_portionwise;control=ice_slow;quench=water_slow;workup=direct_concentrate
537f50cae7a8,prep=cool_salt;activation=preform_imine;order=nucleophile_slow;control=ice_slow;quench=water_slow;workup=organic_extract
540b575fcf02,prep=cool_salt;activation=prime_catalyst;order=substrate_slow;control=ice_slow;quench=water_slow;workup=organic_extract
545c647cd0d5,prep=cool_salt;activation=preactivate_oxidant;order=oxidant_portionwise;control=ice_slow;quench=water_slow;workup=organic_extract
54b517f8fff9,prep=shield_light;activation=prime_catalyst;order=catalyst_last;control=dark_hold;quench=alcohol_quench;workup=organic_extract
551f9582eef5,prep=no_extra_prep;activation=activate_acyl;order=base_last;control=ph_window;quench=acidic_quench;workup=organic_extract
552aaf8de7dd,prep=degas;activation=prewet_resin;order=substrate_slow;control=ice_slow;quench=no_quench;workup=resin_wash
55427f861a11,prep=buffer_check;activation=preform_imine;order=nucleophile_slow;control=ph_window;quench=basic_quench;workup=organic_extract
555e652286a0,prep=no_extra_prep;activation=prime_catalyst;order=catalyst_last;control=vented_hold;quench=water_slow;workup=organic_extract
55740cc08f5f,prep=no_extra_prep;activation=no_activation;order=base_first;control=ambient_slow;quench=no_quench;workup=organic_extract
55866d42cc70,prep=buffer_check;activation=activate_acyl;order=base_last;control=ph_window;quench=alcohol_quench;workup=direct_concentrate
564da2ce7dff,prep=degas;activation=activate_acyl;order=base_first;control=ambient_slow;quench=water_slow;workup=solvent_swap
56515ead3ddb,prep=dry_glass;activation=prime_catalyst;order=catalyst_last;control=ice_slow;quench=brine_split;workup=organic_extract
565a2c923d77,prep=shield_light;activation=preactivate_oxidant;order=oxidant_portionwise;control=dark_hold;quench=acidic_quench;workup=organic_extract
571efac62b11,prep=degas;activation=prime_catalyst;order=catalyst_last;control=warm_hold;quench=water_slow;workup=organic_extract
57a8c21b40b8,prep=degas;activation=preform_imine;order=base_first;control=warm_hold;quench=basic_quench;workup=solvent_swap
5828704e462f,prep=shield_light;activation=prime_catalyst;order=substrate_slow;control=dark_hold;quench=basic_quench;workup=organic_extract
5850951a3d5e,prep=buffer_check;activation=preactivate_oxidant;order=oxidant_portionwise;control=ph_window;quench=brine_split;workup=organic_extract
597b32e4b1c5,prep=degas;activation=prime_catalyst;order=catalyst_last;control=dark_hold;quench=no_quench;workup=organic_extract
5a89ae81fac7,prep=buffer_check;activation=prime_catalyst;order=catalyst_last;control=ph_window;quench=basic_quench;workup=organic_extract
5ced8589a11a,prep=buffer_check;activation=preactivate_oxidant;order=oxidant_portionwise;control=ph_window;quench=alcohol_quench;workup=organic_extract
5cfbe1edd191,prep=cool_salt;activation=preform_imine;order=nucleophile_slow;control=ice_slow;quench=no_quench;workup=organic_extract
5e1ec9d16fee,prep=cool_salt;activation=prime_catalyst;order=oxidant_portionwise;control=ice_slow;quench=water_slow;workup=organic_extract
5e62d77fa8ef,prep=buffer_check;activation=activate_acyl;order=base_first;control=ph_window;quench=alcohol_quench;workup=organic_extract
5edd9ee4a31a,prep=degas;activation=no_activation;order=base_first;control=warm_hold;quench=no_quench;workup=solvent_swap
5f406d5d8fe9,prep=buffer_check;activation=preactivate_oxidant;order=oxidant_portionwise;control=ph_window;quench=basic_quench;workup=organic_extract
601cc7c59fb5,prep=degas;activation=preactivate_oxidant;order=oxidant_portionwise;control=warm_hold;quench=alcohol_quench;workup=filter_celite
6025be23bb22,prep=no_extra_prep;activation=prime_catalyst;order=catalyst_last;control=warm_hold;quench=acidic_quench;workup=organic_extract
607fc151d353,prep=cool_salt;activation=preactivate_oxidant;order=oxidant_portionwise;control=ice_slow;quench=water_slow;workup=organic_extract
60ba48e86bdf,prep=dry_glass;activation=prime_catalyst;order=substrate_slow;control=ambient_slow;quench=acidic_quench;workup=organic_extract
617dee232bc2,prep=no_extra_prep;activation=activate_acyl;order=base_first;control=warm_hold;quench=no_quench;workup=filter_celite
61f376df39d0,prep=dry_glass;activation=prime_catalyst;order=substrate_slow;control=vented_hold;quench=water_slow;workup=organic_extract
623e773eb6ad,prep=buffer_check;activation=preactivate_oxidant;order=oxidant_portionwise;control=ph_window;quench=basic_quench;workup=organic_extract
626c18fd620d,prep=degas;activation=prime_catalyst;order=base_last;control=ambient_slow;quench=water_slow;workup=direct_concentrate
627099da1e18,prep=shield_light;activation=activate_acyl;order=base_first;control=dark_hold;quench=no_quench;workup=filter_celite
628c459334bf,prep=buffer_check;activation=preactivate_oxidant;order=oxidant_portionwise;control=ph_window;quench=basic_quench;workup=organic_extract
6297fb64d033,prep=cool_salt;activation=prime_catalyst;order=base_last;control=ice_slow;quench=acidic_quench;workup=organic_extract
63189a1aea52,prep=dry_glass;activation=prime_catalyst;order=substrate_slow;control=ambient_slow;quench=water_slow;workup=organic_extract
633752fc0b0a,prep=cool_salt;activation=activate_acyl;order=base_last;control=ice_slow;quench=alcohol_quench;workup=direct_concentrate
63a9e4729c9d,prep=cool_salt;activation=preactivate_oxidant;order=oxidant_portionwise;control=ice_slow;quench=brine_split;workup=organic_extract
63c5ee34ed73,prep=shield_light;activation=activate_acyl;order=base_first;control=dark_hold;quench=alcohol_quench;workup=filter_celite
640ede8d9c90,prep=dry_glass;activation=no_activation;order=base_first;control=warm_hold;quench=alcohol_quench;workup=aqueous_neutralize
65049b9a275e,prep=buffer_check;activation=activate_acyl;order=base_first;control=ph_window;quench=alcohol_quench;workup=organic_extract
658180c75f6d,prep=cool_salt;activation=activate_acyl;order=base_last;control=vented_hold;quench=water_slow;workup=filter_celite
660f14fd9455,prep=no_extra_prep;activation=preform_imine;order=nucleophile_slow;control=vented_hold;quench=water_slow;workup=organic_extract
66180f8226c0,prep=buffer_check;activation=activate_acyl;order=base_first;control=ph_window;quench=basic_quench;workup=filter_celite
664ac1494a45,prep=shield_light;activation=preactivate_oxidant;order=oxidant_portionwise;control=dark_hold;quench=water_slow;workup=organic_extract
66fe53fee755,prep=degas;activation=prime_catalyst;order=catalyst_last;control=ambient_slow;quench=water_slow;workup=organic_extract
674c17373ed0,prep=degas;activation=preform_imine;order=substrate_slow;control=ambient_slow;quench=basic_quench;workup=organic_extract
67f6fda702b6,prep=dry_glass;activation=preform_imine;order=substrate_slow;control=warm_hold;quench=acidic_quench;workup=organic_extract
6832f012cfdf,prep=dry_glass;activation=no_activation;order=oxidant_portionwise;control=warm_hold;quench=acidic_quench;workup=organic_extract
6834afb3ae97,prep=dry_glass;activation=no_activation;order=base_first;control=ice_slow;quench=water_slow;workup=solvent_swap
6932a0f5b7ee,prep=dry_glass;activation=preform_imine;order=oxidant_portionwise;control=ambient_slow;quench=brine_split;workup=organic_extract
69f8de679b30,prep=shield_light;activation=prime_catalyst;order=substrate_slow;control=dark_hold;quench=acidic_quench;workup=resin_wash
6aa2f7cb9741,prep=buffer_check;activation=prime_catalyst;order=substrate_slow;control=ph_window;quench=basic_quench;workup=organic_extract
6b593f60cf74,prep=cool_salt;activation=preactivate_oxidant;order=oxidant_portionwise;control=ice_slow;quench=water_slow;workup=direct_concentrate
6be92de12d56,prep=dry_glass;activation=preform_imine;order=nucleophile_slow;control=ambient_slow;quench=water_slow;workup=organic_extract
6c0c3f8a7dc5,prep=buffer_check;activation=prime_catalyst;order=catalyst_last;control=ph_window;quench=basic_quench;workup=organic_extract
6c597fd9d217,prep=dry_glass;activation=activate_acyl;order=base_first;control=ph_window;quench=basic_quench;workup=resin_wash
6cc6abb54bd5,prep=dry_glass;activation=activate_acyl;order=base_first;control=warm_hold;quench=basic_quench;workup=resin_wash
6d234388ea32,prep=dry_glass;activation=prime_catalyst;order=substrate_slow;control=ambient_slow;quench=water_slow;workup=organic_extract
6db790cee7f4,prep=buffer_check;activation=prime_catalyst;order=catalyst_last;control=ph_window;quench=alcohol_quench;workup=organic_extract
6e19b9ef855f,prep=buffer_check;activation=prewet_resin;order=substrate_slow;control=ph_window;quench=basic_quench;workup=resin_wash
6e3ee1a25318,prep=degas;activation=preactivate_oxidant;order=oxidant_portionwise;control=ambient_slow;quench=water_slow;workup=direct_concentrate
6e77e309121d,prep=buffer_check;activation=preform_imine;order=nucleophile_slow;control=ph_window;quench=basic_quench;workup=organic_extract
6f2459328ecf,prep=cool_salt;activation=preactivate_oxidant;order=oxidant_portionwise;control=ice_slow;quench=water_slow;workup=organic_extract
6f83f1c36064,prep=degas;activation=prewet_resin;order=base_first;control=ph_window;quench=no_quench;workup=direct_concentrate
6ff72635b4be,prep=shield_light;activation=activate_acyl;order=substrate_slow;control=dark_hold;quench=no_quench;workup=organic_extract
70da94918dfe,prep=cool_salt;activation=activate_acyl;order=base_first;control=ice_slow;quench=water_slow;workup=direct_concentrate
70f41d98a90e,prep=shield_light;activation=prime_catalyst;order=substrate_slow;control=dark_hold;quench=no_quench;workup=organic_extract
715f82d920aa,prep=buffer_check;activation=activate_acyl;order=base_last;control=ph_window;quench=alcohol_quench;workup=organic_extract
71cec9e56ca1,prep=shield_light;activation=preform_imine;order=nucleophile_slow;control=dark_hold;quench=no_quench;workup=organic_extract
7229247cbf82,prep=buffer_check;activation=preactivate_oxidant;order=oxidant_portionwise;control=ph_window;quench=basic_quench;workup=organic_extract
72c29dd6619b,prep=buffer_check;activation=prime_catalyst;order=catalyst_last;control=ph_window;quench=basic_quench;workup=organic_extract
72d37d144707,prep=no_extra_prep;activation=prewet_resin;order=catalyst_last;control=ice_slow;quench=acidic_quench;workup=resin_wash
7363f5c4b9b0,prep=shield_light;activation=preactivate_oxidant;order=oxidant_portionwise;control=dark_hold;quench=no_quench;workup=organic_extract
740172261392,prep=cool_salt;activation=prime_catalyst;order=substrate_slow;control=ice_slow;quench=water_slow;workup=organic_extract
7456d61bdbf5,prep=degas;activation=preactivate_oxidant;order=oxidant_portionwise;control=vented_hold;quench=brine_split;workup=organic_extract
75853855c26d,prep=buffer_check;activation=preactivate_oxidant;order=oxidant_portionwise;control=ph_window;quench=alcohol_quench;workup=organic_extract
764161f904b3,prep=no_extra_prep;activation=activate_acyl;order=base_first;control=dark_hold;quench=no_quench;workup=organic_extract
765ca06f59fa,prep=cool_salt;activation=no_activation;order=base_first;control=ice_slow;quench=no_quench;workup=direct_concentrate
76673f39f051,prep=dry_glass;activation=no_activation;order=catalyst_last;control=ice_slow;quench=no_quench;workup=resin_wash
76def0359f4a,prep=degas;activation=no_activation;order=base_first;control=warm_hold;quench=basic_quench;workup=solvent_swap
78038d136240,prep=dry_glass;activation=activate_acyl;order=catalyst_last;control=dark_hold;quench=water_slow;workup=resin_wash
79d132e15407,prep=degas;activation=prewet_resin;order=catalyst_last;control=vented_hold;quench=water_slow;workup=resin_wash
79e7ab8a4f46,prep=cool_salt;activation=prime_catalyst;order=substrate_slow;control=ice_slow;quench=brine_split;workup=organic_extract
7aeaaa8ddb03,prep=shield_light;activation=no_activation;order=substrate_slow;control=dark_hold;quench=water_slow;workup=resin_wash
7b2851b5d83d,prep=degas;activation=preform_imine;order=nucleophile_slow;control=ice_slow;quench=acidic_quench;workup=organic_extract
7b7407781abe,prep=cool_salt;activation=prewet_resin;order=substrate_slow;control=ice_slow;quench=acidic_quench;workup=resin_wash
7c63d0405a8d,prep=shield_light;activation=preform_imine;order=nucleophile_slow;control=dark_hold;quench=acidic_quench;workup=organic_extract
7caffbcfe8d0,prep=cool_salt;activation=preform_imine;order=nucleophile_slow;control=ice_slow;quench=acidic_quench;workup=organic_extract
7cd29e412d5b,prep=shield_light;activation=prewet_resin;order=substrate_slow;control=dark_hold;quench=water_slow;workup=resin_wash
7cee812fec22,prep=cool_salt;activation=prime_catalyst;order=catalyst_last;control=ice_slow;quench=acidic_quench;workup=organic_extract
7e5d00c8a304,prep=buffer_check;activation=prime_catalyst;order=catalyst_last;control=ph_window;quench=basic_quench;workup=organic_extract
7efc986bdf3e,prep=degas;activation=activate_acyl;order=catalyst_last;control=vented_hold;quench=water_slow;workup=organic_extract
7f4f64c5a1a1,prep=dry_glass;activation=activate_acyl;order=base_last;control=warm_hold;quench=no_quench;workup=solvent_swap
7f7576c23133,prep=no_extra_prep;activation=prewet_resin;order=substrate_slow;control=dark_hold;quench=no_quench;workup=resin_wash
7f9536073fdb,prep=shield_light;activation=activate_acyl;order=base_last;control=dark_hold;quench=alcohol_quench;workup=direct_concentrate
801165353272,prep=cool_salt;activation=prewet_resin;order=substrate_slow;control=ice_slow;quench=basic_quench;workup=resin_wash
801691445e5b,prep=degas;activation=no_activation;order=base_first;control=warm_hold;quench=brine_split;workup=organic_extract
807ee1a1afa6,prep=shield_light;activation=prime_catalyst;order=nucleophile_slow;control=dark_hold;quench=no_quench;workup=organic_extract
80c24d908b16,prep=degas;activation=prewet_resin;order=oxidant_portionwise;control=ice_slow;quench=acidic_quench;workup=organic_extract
811445c79faf,prep=dry_glass;activation=activate_acyl;order=base_last;control=ambient_slow;quench=water_slow;workup=solvent_swap
814c46519e96,prep=dry_glass;activation=preactivate_oxidant;order=oxidant_portionwise;control=warm_hold;quench=alcohol_quench;workup=direct_concentrate
816c4cb7441a,prep=buffer_check;activation=activate_acyl;order=base_last;control=ph_window;quench=alcohol_quench;workup=organic_extract
82808c98b86c,prep=degas;activation=preform_imine;order=base_first;control=warm_hold;quench=alcohol_quench;workup=solvent_swap
8296f82f9e83,prep=cool_salt;activation=activate_acyl;order=base_first;control=ice_slow;quench=no_quench;workup=organic_extract
82f212bb04f2,prep=buffer_check;activation=activate_acyl;order=base_first;control=ph_window;quench=water_slow;workup=resin_wash
830dd122e4c2,prep=cool_salt;activation=no_activation;order=oxidant_portionwise;control=ice_slow;quench=acidic_quench;workup=organic_extract
837b9119f4d0,prep=shield_light;activation=prime_catalyst;order=substrate_slow;control=dark_hold;quench=water_slow;workup=organic_extract
845efa386a90,prep=shield_light;activation=activate_acyl;order=base_last;control=dark_hold;quench=no_quench;workup=organic_extract
84856bb6d499,prep=buffer_check;activation=prime_catalyst;order=catalyst_last;control=ph_window;quench=water_slow;workup=organic_extract
863326299c06,prep=buffer_check;activation=preform_imine;order=catalyst_last;control=ph_window;quench=basic_quench;workup=organic_extract
869ee131123d,prep=buffer_check;activation=preform_imine;order=nucleophile_slow;control=ph_window;quench=brine_split;workup=organic_extract
86d09f9ff19d,prep=no_extra_prep;activation=no_activation;order=base_first;control=ph_window;quench=water_slow;workup=organic_extract
86dcef6e9f40,prep=buffer_check;activation=prime_catalyst;order=catalyst_last;control=ph_window;quench=basic_quench;workup=organic_extract
872401c5fddf,prep=degas;activation=prime_catalyst;order=catalyst_last;control=ambient_slow;quench=brine_split;workup=organic_extract
87ec98a164b3,prep=cool_salt;activation=prewet_resin;order=base_last;control=ice_slow;quench=acidic_quench;workup=organic_extract
88a395c04b60,prep=cool_salt;activation=prime_catalyst;order=substrate_slow;control=ice_slow;quench=water_slow;workup=organic_extract
89c4733e1eb9,prep=shield_light;activation=activate_acyl;order=catalyst_last;control=dark_hold;quench=brine_split;workup=organic_extract
8b2b146aaefd,prep=no_extra_prep;activation=prewet_resin;order=catalyst_last;control=vented_hold;quench=water_slow;workup=organic_extract
8b30d5e3ce5f,prep=dry_glass;activation=preform_imine;order=nucleophile_slow;control=ice_slow;quench=no_quench;workup=organic_extract
8b4f53117ad9,prep=buffer_check;activation=preform_imine;order=nucleophile_slow;control=ph_window;quench=water_slow;workup=organic_extract
8c21b9a4aab1,prep=cool_salt;activation=activate_acyl;order=base_last;control=ice_slow;quench=acidic_quench;workup=resin_wash
8c7f8a4838fc,prep=buffer_check;activation=prewet_resin;order=substrate_slow;control=ph_window;quench=basic_quench;workup=resin_wash
8dc77fe9970d,prep=shield_light;activation=activate_acyl;order=substrate_slow;control=dark_hold;quench=basic_quench;workup=organic_extract
8e58ea431179,prep=cool_salt;activation=preactivate_oxidant;order=oxidant_portionwise;control=ice_slow;quench=water_slow;workup=organic_extract
8f4e61a9209e,prep=shield_light;activation=activate_acyl;order=base_last;control=dark_hold;quench=no_quench;workup=organic_extract
8f7f5053beb5,prep=buffer_check;activation=preform_imine;order=nucleophile_slow;control=ph_window;quench=basic_quench;workup=organic_extract
8f9b371a0769,prep=shield_light;activation=prewet_resin;order=substrate_slow;control=dark_hold;quench=brine_split;workup=resin_wash
90727b1d6ce1,prep=shield_light;activation=activate_acyl;order=base_first;control=dark_hold;quench=alcohol_quench;workup=organic_extract
9075e31b4e6f,prep=cool_salt;activation=preactivate_oxidant;order=oxidant_portionwise;control=ice_slow;quench=water_slow;workup=direct_concentrate
90b6712ac243,prep=buffer_check;activation=prewet_resin;order=substrate_slow;control=ph_window;quench=alcohol_quench;workup=resin_wash
912f919b757a,prep=shield_light;activation=no_activation;order=base_first;control=dark_hold;quench=water_slow;workup=organic_extract
91b2b766e830,prep=no_extra_prep;activation=preactivate_oxidant;order=oxidant_portionwise;control=ice_slow;quench=brine_split;workup=organic_extract
91cf4147433b,prep=no_extra_prep;activation=activate_acyl;order=base_last;control=warm_hold;quench=no_quench;workup=organic_extract
91cfdcac46bf,prep=degas;activation=prime_catalyst;order=substrate_slow;control=warm_hold;quench=water_slow;workup=organic_extract
9262bad7681f,prep=buffer_check;activation=prime_catalyst;order=substrate_slow;control=ph_window;quench=brine_split;workup=organic_extract
9286265b74a3,prep=degas;activation=preform_imine;order=nucleophile_slow;control=vented_hold;quench=water_slow;workup=organic_extract
9314804270d0,prep=cool_salt;activation=prewet_resin;order=substrate_slow;control=ice_slow;quench=no_quench;workup=resin_wash
937d6594c497,prep=cool_salt;activation=activate_acyl;order=nucleophile_slow;control=vented_hold;quench=brine_split;workup=organic_extract
93ec397174a7,prep=dry_glass;activation=activate_acyl;order=base_first;control=ph_window;quench=water_slow;workup=solvent_swap
943df7791639,prep=cool_salt;activation=no_activation;order=base_first;control=ice_slow;quench=acidic_quench;workup=direct_concentrate
94b093e8ec4b,prep=shield_light;activation=preform_imine;order=nucleophile_slow;control=dark_hold;quench=basic_quench;workup=organic_extract
9504279c96a2,prep=dry_glass;activation=no_activation;order=catalyst_last;control=ambient_slow;quench=acidic_quench;workup=organic_extract
9630be5cda02,prep=cool_salt;activation=preactivate_oxidant;order=oxidant_portionwise;control=ice_slow;quench=water_slow;workup=organic_extract
968a2f860d98,prep=shield_light;activation=activate_acyl;order=base_first;control=dark_hold;quench=brine_split;workup=organic_extract
96c5b3231ff6,prep=buffer_check;activation=prewet_resin;order=catalyst_last;control=ph_window;quench=basic_quench;workup=organic_extract
9728ee0e0f85,prep=cool_salt;activation=prewet_resin;order=base_first;control=vented_hold;quench=alcohol_quench;workup=organic_extract
9748c24df144,prep=cool_salt;activation=preform_imine;order=nucleophile_slow;control=ice_slow;quench=alcohol_quench;workup=organic_extract
97914d007cec,prep=dry_glass;activation=activate_acyl;order=base_first;control=ambient_slow;quench=water_slow;workup=solvent_swap
97f59df05dbb,prep=buffer_check;activation=preform_imine;order=oxidant_portionwise;control=ph_window;quench=basic_quench;workup=organic_extract
98888719316b,prep=cool_salt;activation=no_activation;order=base_first;control=ice_slow;quench=alcohol_quench;workup=resin_wash
98a09af842cd,prep=no_extra_prep;activation=activate_acyl;order=base_first;control=ph_window;quench=acidic_quench;workup=organic_extract
98b44382ff02,prep=degas;activation=preactivate_oxidant;order=oxidant_portionwise;control=ambient_slow;quench=basic_quench;workup=organic_extract
98d98ebddb89,prep=dry_glass;activation=preform_imine;order=catalyst_last;control=warm_hold;quench=no_quench;workup=filter_celite
98e30690fd71,prep=degas;activation=prime_catalyst;order=catalyst_last;control=ambient_slow;quench=brine_split;workup=organic_extract
99a88a431d84,prep=dry_glass;activation=activate_acyl;order=base_last;control=warm_hold;quench=alcohol_quench;workup=solvent_swap
9aed720be1b1,prep=dry_glass;activation=activate_acyl;order=base_last;control=warm_hold;quench=no_quench;workup=solvent_swap
9b3374cd6bd3,prep=shield_light;activation=no_activation;order=base_first;control=dark_hold;quench=no_quench;workup=direct_concentrate
9cd124a8f02c,prep=buffer_check;activation=activate_acyl;order=base_last;control=ph_window;quench=basic_quench;workup=organic_extract
9edc47a71826,prep=shield_light;activation=preactivate_oxidant;order=oxidant_portionwise;control=dark_hold;quench=acidic_quench;workup=organic_extract
9f7dcec5b05f,prep=shield_light;activation=activate_acyl;order=base_last;control=dark_hold;quench=no_quench;workup=direct_concentrate
9fe4b1e1cd59,prep=degas;activation=preactivate_oxidant;order=oxidant_portionwise;control=warm_hold;quench=acidic_quench;workup=organic_extract
a0bb00d5c0a1,prep=cool_salt;activation=preform_imine;order=nucleophile_slow;control=ice_slow;quench=alcohol_quench;workup=organic_extract
a1304e7671ce,prep=degas;activation=activate_acyl;order=base_last;control=warm_hold;quench=acidic_quench;workup=resin_wash
a15abf24da22,prep=dry_glass;activation=prewet_resin;order=nucleophile_slow;control=ambient_slow;quench=acidic_quench;workup=resin_wash
a19221db5853,prep=buffer_check;activation=preactivate_oxidant;order=oxidant_portionwise;control=ph_window;quench=basic_quench;workup=organic_extract
a1d37c6b76b8,prep=dry_glass;activation=activate_acyl;order=base_first;control=warm_hold;quench=no_quench;workup=solvent_swap
a1ffc32724f9,prep=shield_light;activation=preform_imine;order=base_first;control=dark_hold;quench=brine_split;workup=organic_extract
a324e16ed206,prep=cool_salt;activation=prewet_resin;order=oxidant_portionwise;control=ice_slow;quench=water_slow;workup=organic_extract
a4870d919cb5,prep=cool_salt;activation=prewet_resin;order=substrate_slow;control=ice_slow;quench=alcohol_quench;workup=resin_wash
a49c7fa11a8b,prep=buffer_check;activation=prewet_resin;order=substrate_slow;control=ph_window;quench=basic_quench;workup=resin_wash
a4b167ef399e,prep=dry_glass;activation=prime_catalyst;order=catalyst_last;control=ambient_slow;quench=no_quench;workup=organic_extract
a51774c074d6,prep=degas;activation=preactivate_oxidant;order=oxidant_portionwise;control=vented_hold;quench=water_slow;workup=organic_extract
a589a8029499,prep=degas;activation=activate_acyl;order=base_last;control=warm_hold;quench=acidic_quench;workup=aqueous_neutralize
a64876479207,prep=cool_salt;activation=preform_imine;order=base_first;control=ice_slow;quench=acidic_quench;workup=filter_celite
a6e82495644f,prep=buffer_check;activation=activate_acyl;order=base_last;control=ph_window;quench=alcohol_quench;workup=organic_extract
a75f41d6c37e,prep=degas;activation=preactivate_oxidant;order=oxidant_portionwise;control=ambient_slow;quench=acidic_quench;workup=organic_extract
a767d4af2d90,prep=shield_light;activation=preactivate_oxidant;order=oxidant_portionwise;control=dark_hold;quench=acidic_quench;workup=organic_extract
a76807e2f4d1,prep=buffer_check;activation=activate_acyl;order=base_first;control=ph_window;quench=basic_quench;workup=organic_extract
a7cbb69ce55f,prep=buffer_check;activation=prewet_resin;order=substrate_slow;control=ph_window;quench=basic_quench;workup=resin_wash
a84dccbd17e2,prep=cool_salt;activation=preform_imine;order=nucleophile_slow;control=ice_slow;quench=water_slow;workup=organic_extract
a851f965198c,prep=dry_glass;activation=no_activation;order=base_first;control=warm_hold;quench=basic_quench;workup=direct_concentrate
a853f9ec1636,prep=buffer_check;activation=activate_acyl;order=base_first;control=ph_window;quench=basic_quench;workup=organic_extract
a874925edcdf,prep=dry_glass;activation=prewet_resin;order=base_first;control=ph_window;quench=water_slow;workup=resin_wash
a882380b30d6,prep=cool_salt;activation=no_activation;order=base_first;control=ice_slow;quench=water_slow;workup=solvent_swap
a8aad0e4238f,prep=cool_salt;activation=preactivate_oxidant;order=oxidant_portionwise;control=ice_slow;quench=water_slow;workup=direct_concentrate
a8c95d04f94a,prep=dry_glass;activation=activate_acyl;order=oxidant_portionwise;control=ph_window;quench=acidic_quench;workup=organic_extract
a98c458f4c9d,prep=cool_salt;activation=no_activation;order=nucleophile_slow;control=ice_slow;quench=alcohol_quench;workup=organic_extract
aa454fa7d54e,prep=degas;activation=prewet_resin;order=base_first;control=warm_hold;quench=brine_split;workup=organic_extract
aa6dbec45159,prep=degas;activation=no_activation;order=base_last;control=warm_hold;quench=brine_split;workup=organic_extract
aaa9bd148f5b,prep=shield_light;activation=prime_catalyst;order=oxidant_portionwise;control=dark_hold;quench=water_slow;workup=organic_extract
ab5c55ac2367,prep=dry_glass;activation=no_activation;order=base_last;control=warm_hold;quench=acidic_quench;workup=solvent_swap
abe580a7be05,prep=buffer_check;activation=activate_acyl;order=base_first;control=ph_window;quench=basic_quench;workup=organic_extract
ada4d7d894cf,prep=shield_light;activation=preactivate_oxidant;order=oxidant_portionwise;control=dark_hold;quench=water_slow;workup=organic_extract
adb2b6e5b9b6,prep=no_extra_prep;activation=prime_catalyst;order=catalyst_last;control=vented_hold;quench=water_slow;workup=organic_extract
adbf3ff3fbae,prep=degas;activation=preactivate_oxidant;order=oxidant_portionwise;control=warm_hold;quench=water_slow;workup=filter_celite
b03ef4d367ef,prep=shield_light;activation=activate_acyl;order=base_first;control=dark_hold;quench=alcohol_quench;workup=filter_celite
b14f3ad0b0f8,prep=dry_glass;activation=prewet_resin;order=substrate_slow;control=ph_window;quench=no_quench;workup=resin_wash
b167f3dd7552,prep=no_extra_prep;activation=preactivate_oxidant;order=oxidant_portionwise;control=warm_hold;quench=acidic_quench;workup=organic_extract
b18f3c19cea0,prep=shield_light;activation=activate_acyl;order=base_first;control=dark_hold;quench=no_quench;workup=organic_extract
b1c4d64bdd3a,prep=shield_light;activation=activate_acyl;order=base_last;control=dark_hold;quench=alcohol_quench;workup=organic_extract
b28c1ebe26f6,prep=no_extra_prep;activation=prime_catalyst;order=catalyst_last;control=ambient_slow;quench=basic_quench;workup=organic_extract
b3c6196327a2,prep=shield_light;activation=prewet_resin;order=substrate_slow;control=dark_hold;quench=water_slow;workup=resin_wash
b4093caf39cc,prep=buffer_check;activation=prewet_resin;order=substrate_slow;control=ph_window;quench=water_slow;workup=resin_wash
b413041cab67,prep=cool_salt;activation=activate_acyl;order=base_first;control=ice_slow;quench=no_quench;workup=direct_concentrate
b4412df615ae,prep=dry_glass;activation=activate_acyl;order=base_first;control=ph_window;quench=no_quench;workup=filter_celite
b597a7569052,prep=cool_salt;activation=preform_imine;order=nucleophile_slow;control=ice_slow;quench=brine_split;workup=organic_extract
b5edfa43892f,prep=cool_salt;activation=preactivate_oxidant;order=oxidant_portionwise;control=vented_hold;quench=water_slow;workup=organic_extract
b674c3f7dbf7,prep=shield_light;activation=prewet_resin;order=base_first;control=dark_hold;quench=water_slow;workup=organic_extract
b78b5f2cbb13,prep=shield_light;activation=prime_catalyst;order=substrate_slow;control=dark_hold;quench=no_quench;workup=organic_extract
ba28f7920fed,prep=shield_light;activation=activate_acyl;order=nucleophile_slow;control=dark_hold;quench=basic_quench;workup=organic_extract
ba37e743f8cb,prep=degas;activation=activate_acyl;order=oxidant_portionwise;control=ph_window;quench=alcohol_quench;workup=direct_concentrate
baec84b854a7,prep=no_extra_prep;activation=preactivate_oxidant;order=oxidant_portionwise;control=warm_hold;quench=water_slow;workup=organic_extract
bd15c5f4befc,prep=no_extra_prep;activation=activate_acyl;order=base_first;control=dark_hold;quench=no_quench;workup=organic_extract
bdcd0e577676,prep=cool_salt;activation=activate_acyl;order=oxidant_portionwise;control=ice_slow;quench=acidic_quench;workup=direct_concentrate
bdeb7c363bfd,prep=dry_glass;activation=preform_imine;order=nucleophile_slow;control=warm_hold;quench=brine_split;workup=organic_extract
beb7d271280a,prep=cool_salt;activation=prewet_resin;order=substrate_slow;control=ice_slow;quench=basic_quench;workup=resin_wash
bede44af23e9,prep=degas;activation=preform_imine;order=nucleophile_slow;control=warm_hold;quench=no_quench;workup=filter_celite
bf318a87a9d6,prep=shield_light;activation=prime_catalyst;order=catalyst_last;control=dark_hold;quench=brine_split;workup=organic_extract
c00032e2e169,prep=buffer_check;activation=prewet_resin;order=substrate_slow;control=ph_window;quench=no_quench;workup=resin_wash
c090c05cda7a,prep=buffer_check;activation=prime_catalyst;order=catalyst_last;control=ph_window;quench=basic_quench;workup=organic_extract
c16173d3c6ee,prep=buffer_check;activation=prewet_resin;order=base_last;control=ph_window;quench=basic_quench;workup=organic_extract
c1eda467b6f9,prep=degas;activation=prime_catalyst;order=catalyst_last;control=ambient_slow;quench=water_slow;workup=organic_extract
c2f65329a7f4,prep=shield_light;activation=prime_catalyst;order=catalyst_last;control=dark_hold;quench=acidic_quench;workup=organic_extract
c383e8a9ec55,prep=shield_light;activation=activate_acyl;order=base_first;control=dark_hold;quench=water_slow;workup=organic_extract
c3bdf9db0490,prep=degas;activation=activate_acyl;order=substrate_slow;control=warm_hold;quench=no_quench;workup=filter_celite
c3e0765bfd3a,prep=buffer_check;activation=no_activation;order=base_first;control=ph_window;quench=alcohol_quench;workup=filter_celite
c436a634d055,prep=shield_light;activation=activate_acyl;order=base_last;control=dark_hold;quench=water_slow;workup=organic_extract
c437df4c1bc3,prep=buffer_check;activation=preactivate_oxidant;order=oxidant_portionwise;control=ph_window;quench=brine_split;workup=organic_extract
c4a13d3c0f50,prep=buffer_check;activation=prewet_resin;order=substrate_slow;control=ph_window;quench=water_slow;workup=resin_wash
c61d8fbf2c34,prep=dry_glass;activation=preform_imine;order=nucleophile_slow;control=warm_hold;quench=acidic_quench;workup=organic_extract
c637700b10cb,prep=buffer_check;activation=preform_imine;order=oxidant_portionwise;control=ph_window;quench=alcohol_quench;workup=organic_extract
c6c3fc5555a3,prep=dry_glass;activation=prime_catalyst;order=substrate_slow;control=ambient_slow;quench=acidic_quench;workup=organic_extract
c6f2887c2d56,prep=buffer_check;activation=prime_catalyst;order=oxidant_portionwise;control=ph_window;quench=basic_quench;workup=organic_extract
c73c8a9745fc,prep=buffer_check;activation=prime_catalyst;order=substrate_slow;control=ph_window;quench=basic_quench;workup=resin_wash
c787cca9ba8f,prep=cool_salt;activation=prime_catalyst;order=substrate_slow;control=ice_slow;quench=brine_split;workup=organic_extract
c794f0fb7d7b,prep=buffer_check;activation=no_activation;order=base_last;control=ph_window;quench=water_slow;workup=organic_extract
c850e48da478,prep=shield_light;activation=preform_imine;order=nucleophile_slow;control=dark_hold;quench=no_quench;workup=organic_extract
c87a3a239f62,prep=degas;activation=preactivate_oxidant;order=oxidant_portionwise;control=warm_hold;quench=brine_split;workup=organic_extract
c8e0c8b42ef3,prep=buffer_check;activation=prewet_resin;order=substrate_slow;control=ph_window;quench=brine_split;workup=resin_wash
c90a5d30c8fb,prep=shield_light;activation=prime_catalyst;order=catalyst_last;control=dark_hold;quench=no_quench;workup=organic_extract
c9cce53ebefe,prep=cool_salt;activation=prewet_resin;order=nucleophile_slow;control=ice_slow;quench=water_slow;workup=resin_wash
cca0fb6b679c,prep=buffer_check;activation=activate_acyl;order=base_last;control=ph_window;quench=basic_quench;workup=organic_extract
ce7522f2cad2,prep=dry_glass;activation=preform_imine;order=substrate_slow;control=warm_hold;quench=no_quench;workup=resin_wash
ceeb5a5f3351,prep=degas;activation=prime_catalyst;order=substrate_slow;control=ambient_slow;quench=brine_split;workup=organic_extract
cf614c959861,prep=no_extra_prep;activation=activate_acyl;order=substrate_slow;control=vented_hold;quench=water_slow;workup=organic_extract
cfee3c143617,prep=no_extra_prep;activation=prewet_resin;order=oxidant_portionwise;control=ice_slow;quench=acidic_quench;workup=organic_extract
d0d1e9fd47e3,prep=degas;activation=prime_catalyst;order=catalyst_last;control=warm_hold;quench=basic_quench;workup=organic_extract
d1997e743d6f,prep=buffer_check;activation=no_activation;order=base_first;control=ph_window;quench=no_quench;workup=organic_extract
d20e1c3d5932,prep=no_extra_prep;activation=activate_acyl;order=base_first;control=ambient_slow;quench=water_slow;workup=organic_extract
d2cb46fd383c,prep=no_extra_prep;activation=activate_acyl;order=base_first;control=ph_window;quench=acidic_quench;workup=organic_extract
d2e108bf253f,prep=shield_light;activation=activate_acyl;order=base_first;control=dark_hold;quench=basic_quench;workup=organic_extract
d3e1bbffa9e9,prep=no_extra_prep;activation=prewet_resin;order=substrate_slow;control=ph_window;quench=water_slow;workup=resin_wash
d3eb935d7b60,prep=shield_light;activation=activate_acyl;order=nucleophile_slow;control=dark_hold;quench=alcohol_quench;workup=organic_extract
d421724f375b,prep=dry_glass;activation=prewet_resin;order=catalyst_last;control=ph_window;quench=water_slow;workup=resin_wash
d50d7c141ad4,prep=degas;activation=activate_acyl;order=base_last;control=warm_hold;quench=acidic_quench;workup=solvent_swap
d5701fd12efa,prep=degas;activation=no_activation;order=base_first;control=ice_slow;quench=acidic_quench;workup=solvent_swap
d6d8ff9601de,prep=cool_salt;activation=preactivate_oxidant;order=oxidant_portionwise;control=ice_slow;quench=no_quench;workup=organic_extract
d6dcd6f3b2b2,prep=cool_salt;activation=preform_imine;order=nucleophile_slow;control=ice_slow;quench=acidic_quench;workup=organic_extract
d70b38f21228,prep=degas;activation=no_activation;order=base_first;control=vented_hold;quench=brine_split;workup=organic_extract
d7106f035f42,prep=buffer_check;activation=activate_acyl;order=base_last;control=ph_window;quench=alcohol_quench;workup=organic_extract
d72aca32d2c3,prep=shield_light;activation=no_activation;order=base_first;control=dark_hold;quench=brine_split;workup=organic_extract
d739fc170dc6,prep=shield_light;activation=preform_imine;order=nucleophile_slow;control=dark_hold;quench=water_slow;workup=organic_extract
d7b2749c51ae,prep=buffer_check;activation=prewet_resin;order=base_first;control=ph_window;quench=basic_quench;workup=organic_extract
d7efc1df5ddd,prep=cool_salt;activation=prime_catalyst;order=substrate_slow;control=vented_hold;quench=water_slow;workup=resin_wash
d84e5fe20e2d,prep=shield_light;activation=preactivate_oxidant;order=oxidant_portionwise;control=dark_hold;quench=basic_quench;workup=organic_extract
d8f951fc86e9,prep=buffer_check;activation=activate_acyl;order=base_last;control=ph_window;quench=no_quench;workup=direct_concentrate
da35ece72de6,prep=cool_salt;activation=no_activation;order=base_first;control=ice_slow;quench=acidic_quench;workup=organic_extract
da7935f4662e,prep=shield_light;activation=preactivate_oxidant;order=oxidant_portionwise;control=dark_hold;quench=acidic_quench;workup=organic_extract
dab845652888,prep=cool_salt;activation=prewet_resin;order=base_first;control=ice_slow;quench=alcohol_quench;workup=organic_extract
dab927695d82,prep=buffer_check;activation=prime_catalyst;order=substrate_slow;control=ph_window;quench=basic_quench;workup=organic_extract
db878baa535d,prep=no_extra_prep;activation=prewet_resin;order=substrate_slow;control=ph_window;quench=acidic_quench;workup=resin_wash
dbe1149b24c5,prep=buffer_check;activation=prewet_resin;order=substrate_slow;control=ph_window;quench=basic_quench;workup=resin_wash
dc9021bef1e8,prep=dry_glass;activation=preactivate_oxidant;order=oxidant_portionwise;control=vented_hold;quench=water_slow;workup=organic_extract
dce2d20b03fa,prep=shield_light;activation=prime_catalyst;order=catalyst_last;control=dark_hold;quench=acidic_quench;workup=organic_extract
dd543a040c23,prep=shield_light;activation=prewet_resin;order=catalyst_last;control=dark_hold;quench=acidic_quench;workup=resin_wash
dd560a156b57,prep=shield_light;activation=prewet_resin;order=substrate_slow;control=dark_hold;quench=water_slow;workup=resin_wash
dd7557d1acd5,prep=degas;activation=activate_acyl;order=nucleophile_slow;control=ph_window;quench=no_quench;workup=organic_extract
dd9305c5b76e,prep=shield_light;activation=preform_imine;order=nucleophile_slow;control=dark_hold;quench=water_slow;workup=organic_extract
ddae77c70a44,prep=shield_light;activation=preactivate_oxidant;order=oxidant_portionwise;control=dark_hold;quench=acidic_quench;workup=organic_extract
ddc7eaad4d88,prep=buffer_check;activation=activate_acyl;order=base_last;control=ph_window;quench=no_quench;workup=organic_extract
de0a5eb39daf,prep=shield_light;activation=prime_catalyst;order=oxidant_portionwise;control=dark_hold;quench=brine_split;workup=organic_extract
df946cdf692c,prep=degas;activation=prewet_resin;order=catalyst_last;control=warm_hold;quench=water_slow;workup=organic_extract
dfbbd2abd79f,prep=no_extra_prep;activation=preactivate_oxidant;order=oxidant_portionwise;control=warm_hold;quench=alcohol_quench;workup=organic_extract
dfdcf259ed06,prep=shield_light;activation=no_activation;order=base_first;control=dark_hold;quench=no_quench;workup=organic_extract
e0836a5b71e0,prep=shield_light;activation=activate_acyl;order=catalyst_last;control=dark_hold;quench=water_slow;workup=organic_extract
e0c9ff585444,prep=no_extra_prep;activation=no_activation;order=base_first;control=warm_hold;quench=brine_split;workup=organic_extract
e138fd46c853,prep=shield_light;activation=activate_acyl;order=base_first;control=dark_hold;quench=no_quench;workup=organic_extract
e1470682d866,prep=shield_light;activation=prime_catalyst;order=base_last;control=dark_hold;quench=water_slow;workup=organic_extract
e1628c5aa6a0,prep=dry_glass;activation=activate_acyl;order=base_last;control=warm_hold;quench=no_quench;workup=solvent_swap
e1cb3d1295a4,prep=dry_glass;activation=preform_imine;order=nucleophile_slow;control=warm_hold;quench=water_slow;workup=organic_extract
e2195ea0ee6f,prep=shield_light;activation=prime_catalyst;order=catalyst_last;control=dark_hold;quench=water_slow;workup=organic_extract
e220cc871872,prep=buffer_check;activation=no_activation;order=base_first;control=ph_window;quench=brine_split;workup=organic_extract
e2ae7b02c69e,prep=buffer_check;activation=prewet_resin;order=substrate_slow;control=ph_window;quench=basic_quench;workup=resin_wash
e3498d614629,prep=dry_glass;activation=prewet_resin;order=substrate_slow;control=ph_window;quench=no_quench;workup=resin_wash
e423987eae50,prep=shield_light;activation=preactivate_oxidant;order=oxidant_portionwise;control=dark_hold;quench=acidic_quench;workup=organic_extract
e583f8813d6e,prep=cool_salt;activation=no_activation;order=base_first;control=ice_slow;quench=no_quench;workup=organic_extract
e5d47d5becc3,prep=buffer_check;activation=preactivate_oxidant;order=oxidant_portionwise;control=ph_window;quench=water_slow;workup=organic_extract
e5dbcd873766,prep=shield_light;activation=preactivate_oxidant;order=oxidant_portionwise;control=dark_hold;quench=acidic_quench;workup=organic_extract
e5f9e84f32d6,prep=cool_salt;activation=prime_catalyst;order=base_first;control=ice_slow;quench=brine_split;workup=organic_extract
e683a2b4c0b3,prep=cool_salt;activation=prewet_resin;order=substrate_slow;control=ice_slow;quench=acidic_quench;workup=organic_extract
e7245182df5c,prep=buffer_check;activation=preactivate_oxidant;order=oxidant_portionwise;control=ph_window;quench=brine_split;workup=organic_extract
e85e49b31963,prep=shield_light;activation=prime_catalyst;order=catalyst_last;control=dark_hold;quench=acidic_quench;workup=organic_extract
e8b5672624a6,prep=buffer_check;activation=prime_catalyst;order=base_first;control=ph_window;quench=no_quench;workup=organic_extract
e8d5d009fc8e,prep=dry_glass;activation=activate_acyl;order=base_last;control=ph_window;quench=brine_split;workup=organic_extract
e93f3f083e9e,prep=shield_light;activation=prime_catalyst;order=substrate_slow;control=dark_hold;quench=basic_quench;workup=organic_extract
e9a47c7c9c0b,prep=cool_salt;activation=activate_acyl;order=base_first;control=ice_slow;quench=water_slow;workup=resin_wash
ea3e6152976f,prep=buffer_check;activation=prime_catalyst;order=substrate_slow;control=ph_window;quench=water_slow;workup=organic_extract
ea4dff08efda,prep=cool_salt;activation=prime_catalyst;order=base_last;control=ice_slow;quench=basic_quench;workup=organic_extract
ea8e79732f78,prep=dry_glass;activation=preactivate_oxidant;order=oxidant_portionwise;control=ambient_slow;quench=acidic_quench;workup=organic_extract
eabaf83ea33f,prep=shield_light;activation=preform_imine;order=nucleophile_slow;control=dark_hold;quench=no_quench;workup=organic_extract
ec02ef392492,prep=buffer_check;activation=prime_catalyst;order=catalyst_last;control=ph_window;quench=basic_quench;workup=organic_extract
ec48f74c2fac,prep=cool_salt;activation=prime_catalyst;order=substrate_slow;control=ice_slow;quench=water_slow;workup=organic_extract
ec77bd8c9686,prep=dry_glass;activation=no_activation;order=substrate_slow;control=warm_hold;quench=acidic_quench;workup=resin_wash
ed2f0064ee1d,prep=dry_glass;activation=no_activation;order=base_first;control=warm_hold;quench=alcohol_quench;workup=filter_celite
eea503fe822b,prep=buffer_check;activation=prime_catalyst;order=base_last;control=ph_window;quench=basic_quench;workup=organic_extract
ef091fde1e5a,prep=shield_light;activation=prime_catalyst;order=oxidant_portionwise;control=dark_hold;quench=acidic_quench;workup=organic_extract
ef5cd1762554,prep=buffer_check;activation=no_activation;order=catalyst_last;control=ph_window;quench=alcohol_quench;workup=organic_extract
ef99adacd047,prep=buffer_check;activation=no_activation;order=base_last;control=ph_window;quench=basic_quench;workup=direct_concentrate
f043fb0e91fd,prep=dry_glass;activation=preactivate_oxidant;order=oxidant_portionwise;control=ambient_slow;quench=water_slow;workup=organic_extract
f062a189417a,prep=shield_light;activation=prime_catalyst;order=catalyst_last;control=dark_hold;quench=water_slow;workup=resin_wash
f0b9f4e073cc,prep=no_extra_prep;activation=preform_imine;order=base_last;control=ice_slow;quench=acidic_quench;workup=organic_extract
f0d273bcb887,prep=buffer_check;activation=no_activation;order=base_first;control=ph_window;quench=basic_quench;workup=direct_concentrate
f1694e2c3caf,prep=cool_salt;activation=prime_catalyst;order=substrate_slow;control=ice_slow;quench=no_quench;workup=organic_extract
f1f20a519883,prep=cool_salt;activation=prime_catalyst;order=catalyst_last;control=vented_hold;quench=water_slow;workup=organic_extract
f2e2b47817ab,prep=buffer_check;activation=activate_acyl;order=base_last;control=ph_window;quench=alcohol_quench;workup=organic_extract
f3074a1c0726,prep=cool_salt;activation=activate_acyl;order=base_first;control=ice_slow;quench=water_slow;workup=resin_wash
f3868167338b,prep=cool_salt;activation=preactivate_oxidant;order=oxidant_portionwise;control=ice_slow;quench=brine_split;workup=organic_extract
f4caabd69a4a,prep=no_extra_prep;activation=preform_imine;order=nucleophile_slow;control=ice_slow;quench=no_quench;workup=organic_extract
f66fd719138e,prep=buffer_check;activation=prewet_resin;order=base_last;control=ph_window;quench=basic_quench;workup=resin_wash
f678568e3e13,prep=shield_light;activation=no_activation;order=base_first;control=dark_hold;quench=basic_quench;workup=organic_extract
f67dc9741482,prep=dry_glass;activation=preform_imine;order=catalyst_last;control=warm_hold;quench=acidic_quench;workup=organic_extract
f7006128bbb8,prep=dry_glass;activation=preform_imine;order=oxidant_portionwise;control=ambient_slow;quench=acidic_quench;workup=organic_extract
f704755faa6b,prep=dry_glass;activation=prewet_resin;order=base_first;control=ambient_slow;quench=water_slow;workup=resin_wash
f7a6c0295638,prep=buffer_check;activation=activate_acyl;order=base_last;control=ph_window;quench=basic_quench;workup=resin_wash
f818b7639027,prep=degas;activation=prewet_resin;order=substrate_slow;control=warm_hold;quench=water_slow;workup=resin_wash
f8c37f7f2417,prep=no_extra_prep;activation=activate_acyl;order=base_first;control=dark_hold;quench=no_quench;workup=organic_extract
f8c77a6ba221,prep=cool_salt;activation=activate_acyl;order=base_last;control=ice_slow;quench=brine_split;workup=organic_extract
f9e2dc05a289,prep=degas;activation=prewet_resin;order=substrate_slow;control=warm_hold;quench=alcohol_quench;workup=resin_wash
fa254c07bf03,prep=buffer_check;activation=activate_acyl;order=nucleophile_slow;control=ph_window;quench=basic_quench;workup=organic_extract
fbcf1ed2ac68,prep=cool_salt;activation=activate_acyl;order=base_first;control=vented_hold;quench=water_slow;workup=direct_concentrate
fc04f3193c0e,prep=cool_salt;activation=no_activation;order=base_first;control=ice_slow;quench=water_slow;workup=aqueous_neutralize
fc1b5adb1d97,prep=cool_salt;activation=preactivate_oxidant;order=oxidant_portionwise;control=ice_slow;quench=water_slow;workup=filter_celite
fcccb80e191a,prep=no_extra_prep;activation=activate_acyl;order=base_last;control=ph_window;quench=acidic_quench;workup=organic_extract
fce3d46784fd,prep=no_extra_prep;activation=no_activation;order=base_first;control=warm_hold;quench=acidic_quench;workup=organic_extract
fd12ee7a592a,prep=dry_glass;activation=prime_catalyst;order=nucleophile_slow;control=ice_slow;quench=brine_split;workup=organic_extract
fd413ebcaac6,prep=dry_glass;activation=prime_catalyst;order=nucleophile_slow;control=vented_hold;quench=water_slow;workup=organic_extract
fd59a4e8245a,prep=cool_salt;activation=preactivate_oxidant;order=oxidant_portionwise;control=vented_hold;quench=basic_quench;workup=resin_wash
fd771b8d645a,prep=dry_glass;activation=activate_acyl;order=base_first;control=ph_window;quench=brine_split;workup=organic_extract
fdaf667de069,prep=no_extra_prep;activation=preform_imine;order=oxidant_portionwise;control=warm_hold;quench=water_slow;workup=organic_extract
fdfd79a355c1,prep=shield_light;activation=activate_acyl;order=base_last;control=dark_hold;quench=alcohol_quench;workup=organic_extract
fe669f190f41,prep=dry_glass;activation=prime_catalyst;order=substrate_slow;control=warm_hold;quench=no_quench;workup=organic_extract
fe7fa3b03339,prep=buffer_check;activation=prewet_resin;order=nucleophile_slow;control=ph_window;quench=basic_quench;workup=organic_extract
ff1924933221,prep=buffer_check;activation=prime_catalyst;order=base_first;control=ph_window;quench=basic_quench;workup=organic_extract
ff9c76fbe3ad,prep=no_extra_prep;activation=activate_acyl;order=base_last;control=ambient_slow;quench=acidic_quench;workup=organic_extract
