id,target,stress_flag
00d13d66d37dd740,route-cygnus,0
010f14b271456676,route-driftwood,1
0112d8a544b39825,route-borealis,1
04895dbc37b82b4e,route-fjord,1
0599b3503f872c7b,route-driftwood,0
07fe1b3d5407099b,route-driftwood,0
084e87f24c0166d0,route-borealis,1
08bed7dfceec2466,route-driftwood,1
09ab5f1daa3a0d90,route-driftwood,0
0a9e23c8a2dc1795,route-fjord,1
0c5952b88a8ffc54,route-borealis,0
0dee2b25fc685152,route-driftwood,0
0e96cc3732716716,route-cygnus,0
11631b85b3f24c4d,route-cygnus,0
16c3997bdbb871a8,route-driftwood,0
17139580fbee0f50,route-driftwood,1
1770d417825bbe1f1a61,route-cygnus,1
17c4e45047d8ab89,route-driftwood,0
19c0bf2b0d15d5d7,route-aphelion,1
1a996dbc03f7ca8c,route-fjord,1
1ae2e5d4482cc457,route-equinox,0
1c5ce133bded5896,route-aphelion,1
1c759517b018075b,route-borealis,0
1cf11b7bfbefd767,route-driftwood,1
1d628fb5e6baafee,route-fjord,1
21c496ec26f200a3,route-aphelion,1
24a7586c77928173,route-driftwood,0
26cddb52521dfee8,route-equinox,1
271627bc7b4734d2,route-aphelion,1
27cab54d1079f388,route-driftwood,1
2858f52a0b569f75,route-equinox,1
29298cca707220bb,route-driftwood,0
2a9705d7ef8dccaf,route-borealis,0
2c9972284c981701,route-aphelion,0
31a4e68a40fa0e14,route-aphelion,0
344c2e2604e79502,route-cygnus,0
345747c7f341acc0,route-aphelion,0
34701570ccd764e2bde2,route-aphelion,1
3838e4a8a589956b,route-borealis,0
38c27416267cf475,route-driftwood,0
38d33a5fcd1e5579,route-driftwood,0
39bb6ef7f7908644,route-borealis,0
3a3e63907a13ca48,route-equinox,1
3b171e9b8544b8fd,route-equinox,1
3b9ac53ad751f543,route-aphelion,1
3c549077868680a1,route-equinox,0
3c99cf8afd8c2f4f,route-equinox,0
3db7659baf0f18bd,route-equinox,0
3f3bdedd7888e973,route-driftwood,1
41478256be94a4d5,route-cygnus,0
41f9b49aeafe4262,route-driftwood,0
433cb40d5ea47f0d,route-borealis,1
44d19c1cc8b17066,route-cygnus,1
45bcaf9068eb495a,route-equinox,1
46a0adff645fd9c2,route-borealis,1
477ad62bc7bfadcb,route-driftwood,0
4797dffc65f6f437,route-borealis,0
48b48932b5f4df9a,route-driftwood,1
48b55a84e2a0dd6f,route-equinox,1
49a17f732c999329,route-cygnus,1
4a13ce1fc14d22c1,route-aphelion,0
4b00f8ec90beffb0,route-fjord,1
4b239238ad4171f8,route-aphelion,0
4d0d3e73897f1487,route-cygnus,1
5112c9d8a794d39b4fd6,route-aphelion,0
51361eab9ddf1dec,route-cygnus,1
51734edde79bebaf,route-equinox,1
519a713f719c0e81,route-aphelion,1
51b7850a9b478e47,route-cygnus,1
557b9bb0a19f1342,route-cygnus,0
55c73622d1786c97,route-aphelion,0
55fe684a580cacd7,route-fjord,0
567caa6aa2a19857,route-equinox,1
57df8d126ce7e35c,route-borealis,0
589b15c4d375c6c8,route-driftwood,0
593dc0f5c7b00eee,route-cygnus,0
5aca64e5dd66f00a,route-driftwood,0
5d9f7be9c979b21e,route-driftwood,0
5dcdaae2d126b907,route-aphelion,1
5f33690b3730b42a,route-cygnus,0
609e63c4bf2eac53,route-cygnus,0
617883a213163b0e,route-cygnus,1
61eabdee4e48f0ae,route-equinox,0
626ee14ed28d553a,route-aphelion,1
6318b17385edb890,route-driftwood,1
63f47d3ed9acff6d,route-aphelion,0
644c611910101f85,route-cygnus,1
6528c5fb7cb77f98,route-fjord,0
670bda7a281efa59,route-aphelion,0
6ba43926672ea6df,route-driftwood,1
6da41d52f0553709,route-aphelion,1
6dc74469e6eb4836,route-borealis,0
6dcd9c3fd60eaa75,route-driftwood,0
6ff3a42f5db54fef,route-driftwood,1
718a04194f09151f,route-equinox,0
719d2881ac3659d1,route-borealis,1
71d6a298aaa82019,route-aphelion,0
726241d426820eec,route-driftwood,0
7327db310d9c5ae1,route-driftwood,0
74349f552b09e3be,route-driftwood,0
7452cf3fc895011d,route-driftwood,0
74696eea19ed8102,route-equinox,0
749d3ede7a6add3d,route-fjord,1
786bdb1a33f5ada8,route-equinox,1
7ae1bb0907ba72d7,route-cygnus,1
7be2f932341f6627,route-equinox,1
7dfc7a2eae555499,route-equinox,0
7fcf938635599503,route-driftwood,1
80daeb7216b2e4f8,route-equinox,1
81c049726ba83a55,route-cygnus,1
8552e7de0ee7eec6,route-equinox,1
85bb5e58d41f0597,route-driftwood,0
8717732e7408260d,route-cygnus,1
87ddfb6c9625dd9e,route-aphelion,0
8999f868a0303fd2,route-cygnus,0
8a0cfac64347e2ba,route-driftwood,0
8aa8198ed616ed02,route-cygnus,1
8af6bc786557ab0a,route-fjord,0
8bc6188f8238cd63,route-aphelion,1
8c2aab11c3144aef,route-cygnus,0
8f3af2ac7568c48b,route-aphelion,0
90563dd7aac4a8da,route-aphelion,1
9559c1db10a39596,route-borealis,1
9854c24b14d67d6c,route-driftwood,0
9adf5b60e2cbe799,route-driftwood,0
9c3b255a1c8fb0be,route-cygnus,1
9ca356781c33c43f,route-fjord,0
9d8eec3e7a724a68,route-fjord,1
9e6e146e363564d6,route-cygnus,1
9f5afe7b20ff99ac,route-driftwood,1
a088cb10a393ef48,route-borealis,1
a11f751a85f15309,route-driftwood,1
a242061ee32cbdbc,route-fjord,1
a3ffb6c856901391,route-aphelion,0
a45dfe4991642c1b,route-equinox,1
a49bd4a9fada3d66,route-equinox,0
a63ae9999e492d44,route-equinox,1
a7e35cfabfc56b14,route-borealis,0
a83e5da4b8223a05,route-driftwood,1
a85f0d0fb18dbc12,route-aphelion,0
aa297f67740be2a9,route-equinox,0
ab29057cc574fd0d,route-equinox,0
ac516c95d502e6d2,route-driftwood,0
accd3b2425b66a1a,route-driftwood,1
adbe6397b009dac3,route-driftwood,0
afb03763c86e5f27,route-aphelion,1
b058bd5313fc030c,route-cygnus,1
b18baa550088699c,route-driftwood,1
b5c8c8832a86df9c,route-borealis,0
b5eb2ac567494186,route-aphelion,0
b7128c39f3b8d01c,route-cygnus,1
b76358138c7ff6c1,route-fjord,1
b78467fe3d31f122,route-fjord,0
b8a23736f1027aca,route-fjord,1
b923ea9d3ad4166b,route-borealis,1
b93fbc03c673ac41,route-aphelion,0
bc5c8c8c6e4acb55,route-aphelion,0
bc8339487f7bb3ff,route-cygnus,1
bd94e78e9a46248e,route-fjord,1
bfeeb4696b7fdaef,route-borealis,1
c259c33a78beee70,route-fjord,1
c51dce8744908ffd,route-borealis,0
c5bec6de843f456d,route-cygnus,1
c6ec46dd3e5af6a1,route-cygnus,0
c89a7b44eea49dfd,route-driftwood,1
ce0384cb7a22cb8a,route-cygnus,1
ce77eddc1e46c260,route-aphelion,1
ce89de5cb87563bd,route-aphelion,1
d0751b991e0c0ab1,route-aphelion,0
d65b391138122c5a,route-cygnus,0
d6bcf4eb99e06ff9,route-fjord,0
d8111c523e65b6f1,route-borealis,1
d945482cc0f6c399,route-aphelion,0
d9b1d9c99fa30a7d,route-driftwood,1
dd4650c979a4226f,route-equinox,1
dfcc34bac3836971,route-aphelion,0
e01faba0559f5442,route-equinox,1
e2421ed47c8ea228,route-equinox,1
e33f0f6b2a1d0ba8,route-cygnus,0
e6f77ad9a8162763,route-cygnus,1
e8ec5d8e21461ebd,route-driftwood,0
e90ea66b8d3729f3,route-cygnus,0
eb2f8841d8882a74,route-driftwood,1
eb2fd39b3a101b1f,route-driftwood,1
eb4e1b88b5e4e315,route-equinox,1
eb64dd3528a49d88,route-equinox,1
ece880f7321c5cff85d0,route-aphelion,0
eddff30c563ce194,route-equinox,1
f1bc25b3114b19e7,route-equinox,0
f2b788a90f3c55da,route-cygnus,1
f414aa93be29414d,route-fjord,1
f4beb84cce6f1bb8,route-borealis,0
f84ad6ede5dc9b19,route-aphelion,0
f93ad7e43ab0a23d,route-equinox,1
fa5bd9354f2864f5,route-borealis,0
fb821330ed547f35,route-driftwood,1
fc7f92b54181db1e,route-equinox,0
fde6341ab57d51cb,route-aphelion,1
ff2ac3d14f343d01,route-aphelion,1
